id,acidez_fija,acidez_volatil,acido_citrico,azucar_residual,cloruros,dioxido_azufre_libre,dioxido_azufre_total,densidad,ph,sulfatos,alcohol,calidad
0,7.4,0.7,0.0,1.9,0.076,11.0,34.0,0.9978,3.51,,9.4,Buena
1,7.8,0.88,0.0,2.6,0.098,25.0,67.0,0.9968,3.2,0.68,9.8,Buena
2,7.8,0.76,0.04,2.3,0.092,15.0,54.0,0.997,3.26,0.65,9.8,Buena
3,11.2,0.28,0.56,1.9,0.075,17.0,60.0,0.998,3.16,0.58,9.8,Excelente
4,7.4,0.7,0.0,1.9,0.076,11.0,34.0,0.9978,,0.56,9.4,Buena
5,7.9,0.6,0.06,1.6,0.069,15.0,59.0,0.9964,3.3,,9.4,Buena
6,5.6,0.615,0.0,1.6,0.089,16.0,59.0,0.9943,3.58,0.52,9.9,Buena
7,7.8,0.61,0.29,1.6,0.114,9.0,29.0,0.9974,3.26,1.56,9.1,Buena
8,7.9,,0.51,1.8,0.341,17.0,56.0,0.9969,3.04,1.08,9.2,Excelente
9,7.6,0.39,0.31,2.3,0.0819999999999999,23.0,71.0,0.9982,3.52,0.65,9.7,Buena
10,7.9,0.43,0.21,1.6,0.106,10.0,37.0,0.9966,3.17,,9.5,Buena
11,8.5,0.49,0.11,2.3,0.084,9.0,67.0,0.9968,3.17,0.53,9.4,Buena
12,6.9,0.4,0.14,2.4,0.085,21.0,40.0,0.9968,3.43,0.63,9.7,Excelente
13,6.3,0.39,0.16,1.4,0.08,11.0,23.0,0.9955,3.34,0.56,9.3,Buena
14,7.6,0.41,0.24,1.8,0.08,4.0,11.0,0.9962,3.28,0.59,9.5,Buena
15,7.1,0.71,0.0,1.9,0.08,14.0,35.0,0.9972,3.47,0.55,9.4,Buena
16,7.8,0.645,0.0,2.0,0.0819999999999999,8.0,16.0,0.9964,3.38,0.59,9.8,Excelente
17,6.7,0.675,0.07,2.4,0.089,17.0,82.0,0.9958,3.35,0.54,10.1,Buena
18,8.3,0.655,0.12,2.3,0.083,15.0,113.0,0.9966,3.17,0.66,9.8,Buena
19,5.2,0.32,0.25,1.8,0.103,13.0,50.0,0.9957,3.38,0.55,9.2,Buena
20,7.8,0.6,0.14,2.4,0.086,3.0,15.0,0.9975,3.42,0.6,10.8,Excelente
21,7.3,0.45,0.36,5.9,0.074,12.0,87.0,0.9978,3.33,0.83,10.5,Buena
22,8.8,0.61,0.3,2.8,0.088,17.0,46.0,0.9976,3.26,0.51,9.3,Aceptable
23,8.1,0.66,0.22,2.2,0.069,9.0,23.0,0.9968,3.3,1.2,10.3,Buena
24,4.6,0.52,0.15,2.1,0.054,8.0,65.0,0.9934,3.9,0.56,13.1,Aceptable
25,8.8,0.66,0.26,1.7,0.074,4.0,23.0,0.9971,3.15,0.74,9.2,Buena
26,6.6,0.52,0.04,2.2,0.069,8.0,15.0,0.9956,3.4,0.63,9.4,Excelente
27,8.6,0.38,0.36,3.0,0.081,30.0,119.0,0.997,3.2,,9.4,Buena
28,7.6,0.51,0.15,2.8,0.11,33.0,73.0,0.9955,3.17,0.63,10.2,Excelente
29,10.2,0.42,0.57,3.4,0.07,4.0,10.0,0.9971,3.04,0.63,9.6,Buena
30,7.8,0.59,0.18,2.3,0.076,17.0,54.0,0.9975,3.43,0.59,10.0,Buena
31,7.3,0.39,0.31,2.4,0.074,9.0,46.0,0.9962,3.41,0.54,9.4,Excelente
32,7.0,0.735,0.05,2.0,0.081,13.0,54.0,0.9966,3.39,0.57,9.8,Buena
33,7.2,0.725,0.05,4.65,0.086,4.0,11.0,0.9962,3.41,0.39,10.9,Buena
34,7.2,0.725,0.05,4.65,0.086,4.0,11.0,0.9962,3.41,0.39,10.9,Buena
35,8.0,0.705,0.05,1.9,0.074,8.0,19.0,0.9962,3.34,0.95,10.5,Excelente
36,7.7,,0.22,1.9,0.084,18.0,94.0,0.9961,3.31,0.48,9.5,Buena
37,8.8,0.41,0.64,2.2,0.093,9.0,42.0,0.9986,3.54,0.66,10.5,Buena
38,,0.785,0.0,2.4,0.104,14.0,30.0,0.9966,3.52,0.55,10.7,Excelente
39,8.3,,0.2,1.5,0.08,27.0,119.0,0.9972,3.16,1.12,9.1,Aceptable
40,6.2,0.45,0.2,1.6,0.069,3.0,15.0,0.9958,3.41,,9.2,Buena
41,7.4,0.5,0.47,2.0,0.086,21.0,73.0,0.997,3.36,0.57,9.1,Buena
42,6.3,0.3,0.48,1.8,0.069,18.0,61.0,0.9959,3.44,0.78,10.3,Excelente
43,6.9,0.55,0.15,2.2,0.076,19.0,40.0,0.9961,3.41,0.59,10.1,Buena
44,8.6,0.49,0.28,1.9,0.11,20.0,136.0,0.9972,2.93,1.95,9.9,Excelente
45,7.7,0.49,0.26,1.9,0.062,9.0,31.0,0.9966,3.39,0.64,9.6,Buena
46,7.0,0.62,0.08,1.8,0.076,8.0,24.0,0.9978,3.48,0.53,9.0,Buena
47,7.9,0.52,0.26,1.9,0.079,42.0,140.0,0.9964,3.23,0.54,9.5,Buena
48,7.7,,0.26,1.9,0.062,9.0,31.0,0.9966,,0.64,9.6,Buena
49,6.8,0.775,0.0,3.0,0.102,8.0,23.0,0.9965,3.45,0.56,10.7,Buena
50,7.6,0.9,0.06,2.5,0.079,5.0,10.0,0.9967,3.39,0.56,9.8,Buena
51,8.1,0.545,0.18,1.9,0.08,13.0,35.0,0.9972,3.3,,9.0,Excelente
52,8.3,0.61,0.3,2.1,0.084,11.0,50.0,0.9972,3.4,0.61,10.2,Excelente
53,8.1,0.545,0.18,1.9,0.08,13.0,35.0,0.9972,3.3,0.59,9.0,Excelente
54,8.1,0.575,0.22,2.1,0.077,12.0,65.0,0.9967,,0.51,9.2,Buena
55,7.2,,0.24,2.2,0.07,5.0,36.0,0.996,3.33,0.48,9.4,Buena
56,8.1,,0.22,2.1,0.077,12.0,65.0,0.9967,3.29,0.51,9.2,Buena
57,7.8,0.41,0.68,1.7,0.467,18.0,69.0,0.9973,3.08,1.31,9.3,Buena
58,6.2,0.63,0.31,1.7,0.088,15.0,64.0,0.9969,3.46,,9.3,Buena
59,7.8,0.56,0.19,1.8,0.104,12.0,47.0,0.9964,3.19,0.93,9.5,Buena
60,8.4,0.62,0.09,2.2,0.084,11.0,108.0,0.9964,3.15,0.66,9.8,Buena
61,10.1,0.31,0.44,2.3,0.08,22.0,46.0,0.9988,3.32,0.67,9.7,Excelente
62,7.8,0.56,0.19,1.8,0.104,12.0,47.0,0.9964,3.19,0.93,9.5,Buena
63,8.3,0.54,0.28,,0.077,11.0,40.0,0.9978,3.39,0.61,10.0,Excelente
64,7.3,1.07,0.09,1.7,0.178,10.0,89.0,0.9962,3.3,0.57,9.0,Buena
65,8.8,0.55,0.04,2.2,0.119,14.0,56.0,0.9962,3.21,0.6,10.9,Excelente
66,,0.5,0.17,1.6,0.0819999999999999,21.0,102.0,0.996,3.39,0.48,9.5,Buena
67,8.2,1.33,0.0,1.7,0.081,3.0,12.0,0.9964,3.53,0.49,10.9,Buena
68,8.1,1.33,0.0,1.8,0.0819999999999999,3.0,12.0,0.9964,3.54,0.48,10.9,Buena
69,8.0,,0.56,2.0,0.118,30.0,134.0,0.9968,3.24,,9.4,Buena
70,5.6,0.5,0.09,2.3,0.049,17.0,99.0,0.9937,3.63,0.63,13.0,Buena
71,7.9,1.04,0.05,2.2,0.084,13.0,29.0,0.9959,3.22,0.55,9.9,Excelente
72,8.4,0.745,0.11,1.9,0.09,16.0,63.0,0.9965,3.19,,9.6,Buena
73,7.2,0.415,0.36,2.0,0.081,13.0,45.0,0.9972,3.48,0.64,9.2,Buena
74,8.4,0.745,0.11,1.9,0.09,16.0,63.0,0.9965,3.19,0.82,9.6,Buena
75,5.2,0.34,0.0,1.8,0.05,27.0,63.0,0.9916,3.68,0.79,14.0,Excelente
76,6.3,0.39,0.08,1.7,0.066,3.0,20.0,0.9954,3.34,0.58,9.4,Buena
77,8.1,0.67,0.55,1.8,0.1169999999999999,32.0,141.0,0.9968,3.17,0.62,9.4,Buena
78,5.8,0.68,0.02,1.8,0.087,21.0,94.0,0.9944,,0.52,10.0,Buena
79,9.2,0.52,1.0,3.4,0.61,32.0,69.0,0.9996,2.74,2.0,9.4,Aceptable
80,7.5,0.6,0.03,1.8,0.095,25.0,99.0,0.995,3.35,0.54,10.1,Buena
81,7.5,0.6,0.03,1.8,0.095,25.0,99.0,0.995,3.35,0.54,10.1,Buena
82,7.1,0.43,0.42,5.5,0.071,28.0,128.0,0.9973,3.42,,10.5,Buena
83,7.1,0.43,0.42,5.5,0.07,29.0,129.0,0.9973,3.42,0.72,10.5,Buena
84,,0.68,0.0,2.2,0.073,12.0,22.0,0.9969,3.48,0.5,9.3,Buena
85,,0.6,0.18,1.9,0.079,18.0,86.0,0.9968,3.59,,9.3,Excelente
86,7.6,0.95,0.03,2.0,0.09,7.0,20.0,0.9959,3.2,0.56,9.6,Buena
87,7.6,0.68,0.02,1.3,0.072,9.0,20.0,0.9965,3.17,1.08,9.2,Aceptable
88,7.8,0.53,0.04,1.7,0.076,17.0,31.0,0.9964,3.33,0.56,10.0,Excelente
89,7.3,0.59,0.26,7.2,0.07,35.0,121.0,0.9981,3.37,,9.4,Buena
90,7.8,0.63,0.48,1.7,0.1,14.0,96.0,0.9961,3.19,0.62,9.5,Buena
91,6.8,0.64,0.1,2.1,0.085,18.0,101.0,0.9956,,0.52,10.2,Buena
92,7.3,0.55,0.03,1.6,0.072,17.0,42.0,0.9956,3.37,0.48,9.0,Aceptable
93,7.9,0.885,0.03,1.8,0.0579999999999999,4.0,8.0,0.9972,3.36,0.33,9.1,Aceptable
94,8.0,0.42,0.17,2.0,0.073,6.0,18.0,0.9972,3.29,0.61,9.2,Excelente
95,7.4,0.62,0.05,1.9,0.068,24.0,42.0,0.9961,3.42,,11.5,Excelente
96,6.9,0.5,0.04,1.5,0.085,19.0,49.0,0.9958,3.35,0.78,9.5,Buena
97,7.3,0.38,0.21,2.0,0.08,7.0,35.0,0.9961,3.33,0.47,9.5,Buena
98,7.0,0.805,0.0,2.5,0.068,7.0,20.0,0.9969,3.48,0.56,9.6,Buena
99,8.8,0.61,0.14,2.4,0.067,10.0,42.0,0.9969,3.19,,9.5,Buena
100,8.8,0.61,0.14,2.4,0.067,10.0,42.0,0.9969,,0.59,9.5,Buena
101,7.2,0.73,0.02,2.5,0.076,16.0,42.0,0.9972,3.44,,9.3,Buena
102,6.8,0.61,0.2,1.8,0.077,11.0,65.0,0.9971,3.54,,9.3,Buena
103,8.9,0.31,0.57,2.0,0.111,26.0,85.0,0.9971,,,9.7,Buena
104,7.4,0.39,0.48,2.0,0.0819999999999999,14.0,67.0,0.9972,3.34,0.55,9.2,Buena
105,7.9,0.5,0.33,2.0,0.084,15.0,143.0,0.9968,3.2,0.55,9.5,Buena
106,8.2,0.5,0.35,2.9,0.077,21.0,127.0,0.9976,3.23,0.62,9.4,Buena
107,6.4,0.37,0.25,1.9,0.074,21.0,49.0,0.9974,3.57,0.62,9.8,Excelente
108,7.6,0.55,0.21,2.2,0.071,7.0,28.0,0.9964,3.28,,9.7,Buena
109,,0.55,0.21,2.2,0.071,7.0,28.0,0.9964,3.28,0.55,9.7,Buena
110,7.3,0.58,0.3,2.4,0.074,15.0,55.0,0.9968,3.46,0.59,10.2,Buena
111,11.5,,0.6,2.0,0.067,12.0,27.0,0.9981,3.11,0.97,10.1,Excelente
112,7.0,0.43,0.36,1.6,0.089,14.0,37.0,0.99615,3.34,0.56,9.2,Excelente
113,,0.44,0.28,2.7,0.1,18.0,95.0,0.9966,3.22,0.67,9.4,Buena
114,8.0,0.725,0.24,2.8,0.083,10.0,62.0,0.99685,3.35,0.56,10.0,Excelente
115,8.2,0.57,0.26,2.2,0.06,28.0,65.0,0.9959,3.3,0.43,10.1,Buena
116,7.8,0.735,0.08,2.4,0.092,10.0,41.0,0.9974,3.24,0.71,9.8,Excelente
117,7.0,0.49,0.49,5.6,0.06,26.0,121.0,0.9974,3.34,0.76,10.5,Buena
118,,0.625,0.16,2.0,0.1009999999999999,13.0,49.0,0.9962,3.14,0.57,11.0,Buena
119,8.1,0.725,0.22,2.2,0.072,11.0,41.0,0.9967,3.36,0.55,9.1,Buena
120,,0.49,0.19,,0.076,10.0,44.0,0.9957,3.39,0.54,9.7,Buena
121,7.4,0.53,0.26,2.0,0.1009999999999999,16.0,72.0,0.9957,3.15,0.57,9.4,Buena
122,6.8,0.61,0.04,1.5,0.057,5.0,10.0,0.99525,3.42,0.6,9.5,Buena
123,8.6,0.645,0.25,2.0,0.083,8.0,28.0,0.99815,3.28,0.6,10.0,Excelente
124,7.7,0.43,0.25,2.6,0.073,29.0,63.0,0.99615,3.37,0.58,10.5,Excelente
125,8.9,0.59,0.5,2.0,0.337,27.0,81.0,0.9964,3.04,1.61,9.5,Excelente
126,,0.38,0.06,1.8,0.078,12.0,49.0,0.99625,3.37,0.52,9.9,Excelente
127,8.5,0.37,0.2,2.8,0.09,18.0,58.0,0.998,3.34,0.7,9.6,Excelente
128,8.2,1.0,0.09,2.3,0.065,7.0,37.0,0.99685,3.32,0.55,9.0,Excelente
129,8.9,0.635,0.37,1.7,0.263,5.0,62.0,0.9971,3.0,1.09,9.3,Buena
130,12.0,0.38,0.56,2.1,0.093,6.0,24.0,0.99925,3.14,0.71,10.9,Excelente
131,7.7,0.58,0.1,1.8,0.102,28.0,109.0,0.99565,3.08,,9.8,Excelente
132,7.3,0.66,0.0,2.0,0.084,6.0,23.0,0.9983,3.61,0.96,9.9,Excelente
133,7.1,0.68,0.07,,0.075,16.0,51.0,0.99685,3.38,,9.5,Buena
134,,0.66,0.0,2.0,0.084,6.0,23.0,0.9983,3.61,0.96,9.9,Excelente
135,7.1,,0.0,1.8,0.074,16.0,34.0,0.9972,3.47,0.7,9.9,Excelente
136,11.1,0.35,0.48,3.1,0.09,5.0,21.0,0.9986,3.17,0.53,10.5,Buena
137,7.7,0.775,0.42,1.9,0.092,8.0,86.0,0.9959,3.23,0.59,9.5,Buena
138,,0.57,0.23,3.2,0.073,17.0,119.0,0.99675,,0.57,9.3,Buena
139,9.4,0.34,0.37,2.2,0.075,5.0,13.0,0.998,3.22,0.62,9.2,Buena
140,6.6,0.695,0.0,2.1,0.075,12.0,56.0,0.9968,3.49,0.67,9.2,Buena
141,7.7,0.41,0.76,1.8,0.611,8.0,45.0,0.9968,3.06,1.26,9.4,Buena
142,7.9,0.33,0.23,1.7,0.077,18.0,45.0,0.99625,3.29,0.65,9.3,Buena
143,7.0,0.975,0.04,2.0,0.087,12.0,67.0,0.99565,3.35,0.6,9.4,Aceptable
144,8.0,0.52,0.03,1.7,0.07,10.0,35.0,0.99575,3.34,0.57,10.0,Buena
145,7.9,0.37,0.23,1.8,0.077,23.0,49.0,0.9963,3.28,0.67,9.3,Buena
146,12.5,0.56,0.49,2.4,0.064,5.0,27.0,0.9999,3.08,0.87,10.9,Buena
147,8.1,0.87,0.0,3.3,0.096,26.0,61.0,1.00025,3.6,,9.8,Aceptable
148,6.9,0.54,0.04,3.0,0.077,7.0,27.0,0.9987,3.69,0.91,9.4,Excelente
149,11.5,0.18,0.51,4.0,0.104,4.0,23.0,0.9996,3.28,0.97,10.1,Excelente
150,7.9,0.545,0.06,4.0,0.087,27.0,61.0,0.9965,3.36,0.67,10.7,Excelente
151,6.9,0.54,0.04,3.0,0.077,7.0,27.0,0.9987,3.69,0.91,9.4,Excelente
152,11.5,0.18,0.51,4.0,0.104,4.0,23.0,0.9996,3.28,0.97,10.1,Excelente
153,11.4,0.26,0.44,3.6,0.071,6.0,19.0,0.9986,3.12,0.82,9.3,Excelente
154,9.9,0.59,0.07,3.4,0.102,32.0,71.0,1.00015,3.31,0.71,9.8,Buena
155,9.9,0.59,0.07,3.4,0.102,32.0,71.0,1.00015,3.31,0.71,9.8,Buena
156,12.0,0.45,0.55,,0.073,25.0,49.0,0.9997,3.1,0.76,10.3,Excelente
157,11.6,0.42,0.53,3.3,0.105,33.0,98.0,1.001,3.2,0.95,9.2,Buena
158,6.9,0.36,0.25,2.4,0.098,5.0,16.0,0.9964,3.41,0.6,10.1,Excelente
159,,0.34,0.52,3.2,0.094,17.0,53.0,1.0014,3.05,0.81,9.5,Excelente
160,10.8,0.5,0.46,2.5,0.073,5.0,27.0,1.0001,3.05,0.64,9.5,Buena
161,,0.83,0.37,2.6,0.086,26.0,70.0,0.9981,3.16,0.52,9.9,Buena
162,7.1,0.63,0.06,2.0,0.083,8.0,29.0,0.99855,3.67,0.73,9.6,Buena
163,7.2,0.65,0.02,2.3,0.094,5.0,31.0,0.9993,3.67,0.8,9.7,Buena
164,7.5,0.53,0.06,2.6,0.086,20.0,44.0,0.9965,3.38,0.59,10.7,Excelente
165,8.3,0.705,0.12,2.6,0.092,12.0,28.0,0.9994,3.51,0.72,10.0,Buena
166,8.4,0.65,0.6,2.1,0.1119999999999999,12.0,90.0,0.9973,3.2,0.52,9.2,Buena
167,7.6,0.62,0.32,2.2,0.0819999999999999,7.0,54.0,0.9966,3.36,,9.4,Buena
168,7.9,,0.24,2.0,0.072,15.0,105.0,0.996,3.27,0.54,9.4,Excelente
169,8.6,0.47,0.3,3.0,0.076,30.0,135.0,0.9976,3.3,0.53,9.4,Buena
170,7.4,,0.29,,0.087,26.0,72.0,0.99645,3.39,0.68,11.0,Buena
171,9.6,0.77,0.12,2.9,0.0819999999999999,30.0,74.0,0.99865,,0.64,10.4,Excelente
172,9.3,0.61,0.26,3.4,0.09,25.0,87.0,0.99975,3.24,0.62,9.7,Buena
173,10.0,0.49,0.2,11.0,0.071,13.0,50.0,1.0015,3.16,0.69,9.2,Excelente
174,10.0,,0.2,11.0,0.071,13.0,50.0,1.0015,3.16,0.69,9.2,Excelente
175,,,0.5,4.5,0.107,5.0,13.0,0.998,3.28,0.83,11.5,Buena
176,13.4,0.27,0.62,2.6,0.0819999999999999,6.0,21.0,1.0002,3.16,,9.7,Excelente
177,,0.56,0.08,2.1,0.105,16.0,44.0,0.9958,,0.52,11.0,Buena
178,8.9,0.43,0.45,1.9,0.052,6.0,16.0,0.9948,,0.7,12.5,Excelente
179,,0.39,0.47,1.8,0.118,6.0,14.0,0.9982,3.3,0.75,9.8,Excelente
180,10.9,0.39,0.47,1.8,0.118,6.0,14.0,0.9982,3.3,0.75,9.8,Excelente
181,11.9,0.57,0.5,2.6,0.0819999999999999,6.0,32.0,1.0006,3.12,0.78,10.7,Excelente
182,9.6,0.56,0.31,2.8,0.089,15.0,46.0,0.9979,3.11,0.92,10.0,Excelente
183,9.1,0.795,0.0,2.6,0.096,11.0,26.0,0.9994,3.35,0.83,9.4,Excelente
184,7.7,,0.0,2.4,0.09,8.0,19.0,0.9974,3.27,,9.3,Buena
185,11.5,0.41,0.52,3.0,0.08,29.0,55.0,1.0001,3.26,0.88,11.0,Buena
186,8.2,0.7,0.23,2.0,0.099,14.0,81.0,0.9973,3.19,0.7,9.4,Buena
187,8.6,0.45,0.31,2.6,0.086,21.0,50.0,0.9982,3.37,0.91,9.9,Excelente
188,11.9,0.58,0.66,2.5,0.072,6.0,37.0,0.9992,,0.56,10.0,Buena
189,12.5,0.46,0.63,2.0,0.071,6.0,15.0,0.9988,2.99,0.87,10.2,Buena
190,,0.575,0.61,2.6,0.076,11.0,24.0,1.0,3.16,0.69,9.0,Buena
191,7.9,0.24,0.4,,0.0559999999999999,11.0,25.0,0.9967,3.32,0.87,8.7,Excelente
192,9.1,0.28,0.48,1.8,0.067,26.0,46.0,0.9967,3.32,1.04,10.6,Excelente
193,11.5,0.45,0.5,3.0,0.078,19.0,47.0,1.0003,3.26,1.11,11.0,Excelente
194,11.4,0.625,0.66,,0.088,6.0,24.0,0.9988,3.11,0.99,13.3,Excelente
195,8.3,0.26,0.42,2.0,0.08,11.0,27.0,0.9974,3.21,0.8,9.4,Excelente
196,7.7,0.51,0.28,,0.087,23.0,54.0,0.998,3.42,0.74,9.2,Buena
197,7.8,0.46,0.26,1.9,0.088,23.0,53.0,0.9981,3.43,,9.2,Excelente
198,,0.415,0.68,2.9,0.085,17.0,43.0,1.0014,3.06,0.8,10.0,Excelente
199,9.5,0.37,0.52,2.0,0.0819999999999999,6.0,26.0,0.998,3.18,0.51,9.5,Buena
200,6.6,0.735,0.02,7.9,0.122,68.0,124.0,0.9994,3.47,0.53,9.9,Buena
201,11.5,0.59,0.59,2.6,0.087,13.0,49.0,0.9988,3.18,0.65,11.0,Excelente
202,8.7,0.765,0.22,2.3,0.064,9.0,42.0,0.9963,3.1,,9.4,Buena
203,6.6,0.735,0.02,7.9,0.122,68.0,124.0,0.9994,3.47,0.53,9.9,Buena
204,11.4,0.6,0.49,2.7,0.085,10.0,41.0,0.9994,3.15,0.63,10.5,Excelente
205,7.7,0.69,0.05,2.7,0.075,15.0,27.0,0.9974,3.26,,9.1,Buena
206,9.8,,0.47,2.5,0.063,9.0,28.0,0.9981,3.24,0.65,10.8,Excelente
207,12.5,0.46,0.49,4.5,0.07,26.0,49.0,0.9981,3.05,0.57,9.6,Aceptable
208,9.0,0.43,0.34,2.5,0.08,26.0,86.0,0.9987,3.38,0.62,9.5,Excelente
209,7.1,0.735,0.16,1.9,0.1,15.0,77.0,0.9966,3.27,,9.3,Buena
210,8.8,0.52,0.34,2.7,0.087,24.0,122.0,0.9982,,0.61,9.5,Buena
211,8.6,0.725,0.24,6.6,0.1169999999999999,31.0,134.0,1.0014,3.32,1.07,9.3,Buena
212,10.6,0.48,0.64,2.2,0.111,6.0,20.0,0.997,3.26,0.66,11.7,Excelente
213,,0.58,0.12,1.9,0.091,34.0,124.0,0.9956,3.44,0.48,10.5,Buena
214,11.9,0.38,0.51,2.0,0.121,7.0,20.0,0.9996,3.24,0.76,10.4,Excelente
215,6.8,0.77,0.0,1.8,0.066,34.0,52.0,0.9976,3.62,0.68,9.9,Buena
216,7.7,0.96,0.2,2.0,0.047,15.0,60.0,0.9955,3.36,0.44,10.9,Buena
217,6.4,0.67,0.08,2.1,0.045,19.0,48.0,0.9949,3.49,,11.4,Excelente
218,9.5,0.78,0.22,1.9,0.077,6.0,32.0,0.9988,3.26,0.56,10.6,Excelente
219,9.1,0.52,0.33,1.3,0.07,9.0,30.0,0.9978,3.24,0.6,9.3,Buena
220,,0.55,0.35,2.2,0.074,21.0,66.0,0.9974,3.25,0.56,9.2,Buena
221,12.3,0.39,0.63,2.3,0.091,6.0,18.0,1.0004,3.16,0.49,9.5,Buena
222,10.4,0.41,0.55,3.2,0.076,22.0,54.0,0.9996,3.15,0.89,9.9,Excelente
223,,0.39,0.63,2.3,0.091,6.0,18.0,1.0004,3.16,0.49,9.5,Buena
224,,0.45,0.73,3.2,0.066,6.0,22.0,0.9986,3.17,0.66,11.2,Excelente
225,7.0,0.62,0.18,1.5,0.062,7.0,50.0,0.9951,3.08,0.6,9.3,Buena
226,9.3,0.48,0.29,2.1,0.127,6.0,16.0,0.9968,3.22,0.72,11.2,Buena
227,8.6,0.53,0.22,2.0,0.1,7.0,27.0,0.9967,3.2,0.56,10.2,Excelente
228,11.9,0.39,0.69,2.8,0.095,17.0,35.0,0.9994,3.1,0.61,10.8,Excelente
229,11.9,0.39,0.69,2.8,0.095,17.0,35.0,0.9994,,0.61,10.8,Excelente
230,6.8,0.56,0.03,1.7,0.084,18.0,35.0,0.9968,,0.63,10.0,Excelente
231,7.0,0.23,0.4,1.6,0.063,21.0,67.0,0.9952,3.5,0.63,11.1,Buena
232,8.9,0.59,0.39,2.3,0.095,5.0,22.0,0.9986,3.37,0.58,10.3,Buena
233,9.2,0.63,0.21,2.7,0.0969999999999999,29.0,65.0,0.9988,3.28,0.58,9.6,Buena
234,9.2,0.43,0.52,2.3,0.083,14.0,23.0,0.9976,3.35,0.61,11.3,Excelente
235,8.3,0.615,0.22,2.6,0.087,6.0,19.0,0.9982,3.26,0.61,9.3,Buena
236,11.5,0.315,0.54,2.1,0.084,5.0,15.0,0.9987,2.98,0.7,9.2,Excelente
237,10.3,0.5,0.42,2.0,0.069,21.0,51.0,0.9982,3.16,0.72,11.5,Excelente
238,8.8,0.46,0.45,2.6,0.065,7.0,18.0,0.9947,3.32,0.79,14.0,Excelente
239,11.4,0.36,0.69,2.1,0.09,6.0,21.0,1.0,,0.62,9.2,Excelente
240,8.7,0.82,0.02,1.2,0.07,36.0,48.0,0.9952,3.2,0.58,9.8,Buena
241,13.0,0.32,0.65,2.6,0.093,15.0,47.0,0.9996,3.05,0.61,10.6,Buena
242,9.6,0.54,0.42,2.4,0.081,25.0,52.0,0.997,3.2,0.71,11.4,Excelente
243,12.5,0.37,0.55,2.6,0.083,25.0,68.0,0.9995,3.15,0.82,10.4,Excelente
244,9.6,0.68,0.24,2.2,0.087,5.0,28.0,0.9988,3.14,0.6,10.2,Buena
245,9.3,0.27,0.41,2.0,0.091,6.0,16.0,0.998,3.28,0.7,9.7,Buena
246,10.4,0.24,0.49,1.8,0.075,6.0,20.0,0.9977,3.18,1.06,11.0,Excelente
247,9.4,0.685,0.11,2.7,0.077,6.0,31.0,0.9984,3.19,0.7,10.1,Excelente
248,10.6,0.28,0.39,15.5,0.069,6.0,23.0,1.0026,3.12,0.66,9.2,Buena
249,10.6,0.36,0.6,2.2,0.152,7.0,18.0,0.9986,3.04,,9.4,Buena
250,10.2,0.67,0.39,1.9,0.054,6.0,17.0,0.9976,3.17,0.47,10.0,Buena
251,9.3,0.39,0.4,2.6,0.073,10.0,26.0,0.9984,3.34,,10.2,Excelente
252,8.7,0.69,0.31,3.0,0.086,23.0,81.0,1.0002,3.48,0.74,11.6,Excelente
253,,0.39,0.23,8.3,0.051,28.0,91.0,0.9952,3.44,0.55,12.1,Excelente
254,7.8,0.52,0.25,1.9,0.081,14.0,38.0,0.9984,3.43,0.65,9.0,Excelente
255,7.2,0.34,0.32,2.5,0.09,43.0,113.0,0.9966,3.32,0.79,11.1,Buena
256,11.2,0.67,0.55,2.3,0.084,6.0,13.0,1.0,3.17,0.71,9.5,Excelente
257,10.0,0.59,0.31,2.2,0.09,26.0,62.0,0.9994,3.18,0.63,10.2,Excelente
258,10.7,0.4,0.48,2.1,0.125,15.0,49.0,0.998,3.03,0.81,9.7,Excelente
259,8.5,0.655,0.49,6.1,0.122,34.0,151.0,1.001,3.31,1.14,9.3,Buena
260,12.5,0.6,0.49,,0.1,5.0,14.0,1.001,3.25,0.74,11.9,Excelente
261,9.8,0.25,0.49,2.7,0.088,15.0,33.0,0.9982,,0.9,10.0,Excelente
262,,0.4,0.49,2.5,0.085,38.0,142.0,0.9978,3.22,0.55,9.4,Buena
263,9.2,0.43,0.49,2.4,0.086,23.0,116.0,0.9976,3.23,0.64,9.5,Buena
264,7.0,0.38,0.49,2.5,0.0969999999999999,33.0,85.0,0.9962,3.39,0.77,11.4,Excelente
265,9.9,0.63,0.24,2.4,0.077,6.0,33.0,0.9974,3.09,0.57,9.4,Buena
266,9.1,0.22,0.24,2.1,0.078,1.0,28.0,0.999,,0.87,10.3,Excelente
267,11.9,0.38,0.49,2.7,0.098,12.0,42.0,1.0004,3.16,0.61,10.3,Buena
268,11.9,0.38,0.49,2.7,0.098,12.0,42.0,1.0004,3.16,,10.3,Buena
269,10.3,0.27,0.24,2.1,0.072,15.0,33.0,0.9956,3.22,0.66,12.8,Excelente
270,10.0,0.48,0.24,2.7,0.102,13.0,32.0,1.0,3.28,0.56,10.0,Excelente
271,9.1,0.22,0.24,2.1,0.078,1.0,28.0,0.999,3.41,0.87,10.3,Excelente
272,,0.63,0.24,2.4,0.077,6.0,33.0,0.9974,3.09,0.57,9.4,Buena
273,8.1,,0.24,2.1,0.084,5.0,13.0,0.9972,3.37,0.77,10.7,Excelente
274,11.2,0.5,0.74,5.15,0.1,5.0,17.0,0.9996,3.22,0.62,11.2,Buena
275,9.2,0.59,0.24,3.3,0.1009999999999999,20.0,47.0,0.9988,3.26,,9.6,Buena
276,9.3,0.715,0.24,2.1,0.07,5.0,20.0,0.9966,3.12,0.59,9.9,Buena
277,11.2,,0.24,2.5,0.085,16.0,53.0,0.9993,3.06,0.72,11.0,Excelente
278,14.3,0.31,0.74,1.8,0.075,6.0,15.0,1.0008,2.86,0.79,8.4,Excelente
279,9.1,0.47,0.49,2.6,0.094,38.0,106.0,0.9982,,0.59,9.1,Buena
280,7.5,,0.24,2.0,0.078,10.0,28.0,0.9983,,0.78,9.5,Excelente
281,12.4,0.35,0.49,2.6,0.079,27.0,69.0,0.9994,3.12,0.75,10.4,Excelente
282,,0.51,0.01,2.1,0.074,9.0,25.0,0.9958,3.33,0.56,9.5,Excelente
283,9.4,0.43,0.24,2.8,0.092,14.0,45.0,0.998,3.19,0.73,10.0,Excelente
284,9.5,0.46,0.24,2.7,0.092,14.0,44.0,0.998,3.12,0.74,10.0,Excelente
285,5.0,1.04,0.24,1.6,0.05,32.0,96.0,0.9934,3.74,0.62,11.5,Buena
286,15.5,0.645,0.49,4.2,0.095,10.0,23.0,1.00315,2.92,0.74,11.1,Buena
287,10.9,0.53,0.49,4.6,0.118,10.0,17.0,1.0002,3.07,0.56,11.7,Excelente
288,15.6,0.645,0.49,4.2,0.095,10.0,23.0,1.00315,2.92,0.74,11.1,Buena
289,13.0,0.47,0.49,4.3,0.085,6.0,47.0,1.0021,3.3,0.68,12.7,Excelente
290,12.7,0.6,0.49,2.8,0.075,5.0,19.0,0.9994,3.14,0.57,11.4,Buena
291,9.0,0.54,0.49,2.9,0.094,41.0,110.0,0.9982,3.08,0.61,9.2,Buena
292,7.6,0.29,0.49,,0.092,25.0,60.0,0.9971,3.31,0.61,10.1,Excelente
293,13.0,0.47,0.49,4.3,0.085,6.0,47.0,1.0021,3.3,0.68,12.7,Excelente
294,12.7,0.6,0.49,2.8,0.075,5.0,19.0,0.9994,3.14,0.57,11.4,Buena
295,8.7,0.7,0.24,2.5,0.226,5.0,15.0,0.9991,3.32,0.6,9.0,Excelente
296,9.8,0.5,0.49,2.6,0.25,5.0,20.0,0.999,3.31,0.79,10.7,Excelente
297,6.2,0.36,0.24,2.2,0.095,19.0,42.0,0.9946,3.57,0.57,11.7,Excelente
298,9.9,0.5,0.24,2.3,0.103,6.0,14.0,0.9978,3.34,0.52,10.0,Aceptable
299,8.8,0.44,0.49,2.8,0.083,18.0,111.0,0.9982,3.3,0.6,9.5,Buena
300,8.8,0.47,0.49,2.9,0.085,17.0,110.0,0.9982,3.29,0.6,9.8,Buena
301,10.6,0.31,0.49,2.2,0.063,18.0,40.0,0.9976,3.14,0.51,9.8,Excelente
302,12.3,0.5,0.49,2.2,0.089,5.0,14.0,1.0002,3.19,0.44,9.6,Buena
303,12.3,0.5,0.49,2.2,0.089,5.0,14.0,1.0002,3.19,0.44,9.6,Buena
304,7.3,0.73,0.24,1.9,0.108,18.0,102.0,0.9967,3.26,0.59,9.3,Buena
305,9.0,0.45,0.49,2.6,0.084,21.0,75.0,0.9987,3.35,0.57,9.7,Buena
306,9.0,0.45,0.49,2.6,0.084,21.0,75.0,0.9987,3.35,0.57,9.7,Buena
307,9.9,0.49,0.58,3.5,0.094,9.0,43.0,1.0004,3.29,0.58,9.0,Buena
308,8.9,,0.41,7.9,0.086,30.0,109.0,0.9998,3.27,0.57,9.3,Buena
309,,0.4,0.51,2.0,0.059,6.0,24.0,0.9994,3.04,0.6,9.3,Excelente
310,8.5,0.585,0.18,2.1,0.078,5.0,30.0,0.9967,3.2,0.48,9.8,Excelente
311,8.3,0.58,0.13,2.9,0.096,14.0,63.0,0.9984,3.17,0.62,9.1,Excelente
312,8.8,0.48,0.41,3.3,0.092,26.0,52.0,0.9982,3.31,0.53,10.5,Excelente
313,,0.65,0.37,5.1,0.11,11.0,65.0,1.0026,,0.64,10.4,Excelente
314,6.3,0.36,0.19,3.2,0.075,15.0,39.0,0.9956,3.56,0.52,12.7,Excelente
315,,0.24,0.54,2.5,0.083,25.0,57.0,0.9983,3.39,0.54,9.2,Buena
316,13.2,0.38,0.55,2.7,0.081,5.0,16.0,1.0006,2.98,0.54,9.4,Buena
317,7.5,0.64,0.0,2.4,0.077,18.0,29.0,0.9965,3.32,0.6,10.0,Excelente
318,11.5,0.31,0.51,2.2,0.079,14.0,28.0,0.9982,3.03,0.93,9.8,Excelente
319,11.3,0.37,0.41,2.3,0.088,6.0,16.0,0.9988,3.09,0.8,9.3,Buena
320,,0.54,0.24,3.4,0.076,16.0,112.0,0.9976,3.27,0.61,9.4,Buena
321,8.2,0.56,0.23,3.4,0.078,14.0,104.0,0.9976,3.28,0.62,9.4,Buena
322,10.0,0.58,0.22,1.9,0.08,9.0,32.0,0.9974,3.13,0.55,9.5,Buena
323,8.8,0.6,0.29,2.2,0.098,5.0,15.0,0.9988,3.36,0.49,9.1,Buena
324,8.7,0.54,0.26,2.5,0.0969999999999999,7.0,31.0,0.9976,3.27,0.6,9.3,Excelente
325,7.6,0.685,0.23,2.3,0.111,20.0,84.0,0.9964,3.21,0.61,9.3,Buena
326,8.7,0.54,0.26,2.5,0.0969999999999999,7.0,31.0,0.9976,3.27,0.6,9.3,Excelente
327,10.4,0.28,0.54,2.7,0.105,5.0,19.0,0.9988,3.25,0.63,9.5,Buena
328,7.6,0.41,0.14,3.0,0.087,21.0,43.0,0.9964,3.32,0.57,10.5,Excelente
329,10.1,0.935,0.22,3.4,0.105,11.0,86.0,1.001,3.43,0.64,11.3,Aceptable
330,7.9,0.35,0.21,1.9,0.073,46.0,102.0,0.9964,3.27,0.58,9.5,Buena
331,8.7,0.84,0.0,1.4,0.065,24.0,33.0,0.9954,3.27,0.55,9.7,Buena
332,9.6,0.88,0.28,2.4,0.086,30.0,147.0,0.9979,3.24,0.53,9.4,Buena
333,9.5,0.885,0.27,2.3,0.084,31.0,145.0,0.9978,3.24,0.53,9.4,Buena
334,8.9,0.29,0.35,1.9,0.067,25.0,57.0,0.997,3.18,1.36,10.3,Excelente
335,9.9,0.54,0.45,2.3,0.071,16.0,40.0,0.9991,3.39,0.62,9.4,Buena
336,9.9,0.54,0.45,2.3,0.071,16.0,40.0,0.9991,3.39,0.62,9.4,Buena
337,9.9,0.54,0.45,2.3,0.071,16.0,40.0,0.9991,3.39,0.62,9.4,Buena
338,8.3,0.845,0.01,2.2,0.07,5.0,14.0,0.9967,,0.58,11.0,Aceptable
339,6.7,0.42,0.27,8.6,0.068,24.0,148.0,0.9948,3.16,0.57,11.3,Excelente
340,10.7,0.43,0.39,2.2,0.106,8.0,32.0,0.9986,2.89,0.5,9.6,Buena
341,15.9,0.36,0.65,7.5,0.096,22.0,71.0,0.9976,2.98,0.84,14.9,Buena
342,9.4,0.33,0.59,2.8,0.079,9.0,30.0,0.9976,3.12,0.54,12.0,Excelente
343,,0.47,0.47,2.4,0.074,7.0,29.0,0.9979,3.08,0.46,9.5,Buena
344,9.7,0.55,0.17,2.9,0.087,20.0,53.0,1.0004,3.14,,9.4,Buena
345,7.2,0.52,0.07,1.4,0.074,5.0,20.0,0.9973,,0.81,9.6,Excelente
346,7.2,0.52,0.07,1.4,0.074,5.0,20.0,0.9973,3.32,0.81,9.6,Excelente
347,7.2,0.57,0.06,1.6,0.076,9.0,27.0,0.9972,3.36,0.7,9.6,Excelente
348,9.4,0.59,0.14,2.0,0.084,25.0,48.0,0.9981,3.14,0.56,9.7,Buena
349,,0.49,0.36,1.8,0.222,6.0,16.0,0.998,3.18,0.6,9.5,Excelente
350,,0.34,0.45,2.0,0.0819999999999999,6.0,15.0,0.9988,2.94,0.66,9.2,Excelente
351,8.2,0.73,0.21,1.7,0.074,5.0,13.0,0.9968,3.2,0.52,9.5,Buena
352,8.2,0.73,0.21,1.7,0.074,5.0,13.0,0.9968,3.2,0.52,9.5,Buena
353,10.8,0.4,0.41,2.2,0.084,7.0,17.0,0.9984,3.08,0.67,9.3,Excelente
354,8.6,,0.11,2.3,0.084,12.0,31.0,0.9979,3.4,0.48,9.9,Buena
355,,0.78,0.1,2.6,0.081,45.0,87.0,0.9983,3.48,0.53,10.0,Buena
356,10.8,0.26,0.45,3.3,0.06,20.0,49.0,0.9972,,,9.6,Buena
357,8.0,0.45,0.23,2.2,0.094,16.0,29.0,0.9962,3.21,0.49,10.2,Excelente
358,8.5,0.46,0.31,2.25,0.078,32.0,58.0,0.998,3.33,,9.8,Buena
359,8.1,0.78,0.23,2.6,0.059,5.0,15.0,0.997,3.37,0.56,11.3,Buena
360,9.8,0.98,0.32,2.3,0.078,35.0,152.0,0.998,3.25,0.48,9.4,Buena
361,8.1,0.78,0.23,,0.059,5.0,15.0,0.997,3.37,0.56,11.3,Buena
362,7.7,0.66,0.04,1.6,0.039,4.0,9.0,0.9962,3.4,0.47,9.4,Buena
363,8.1,0.38,0.48,1.8,0.157,5.0,17.0,0.9976,3.3,1.05,9.4,Buena
364,9.2,0.92,0.24,2.6,0.087,12.0,93.0,0.9998,3.48,0.54,9.8,Buena
365,8.6,0.49,0.51,2.0,0.422,16.0,62.0,0.9979,3.03,1.17,9.0,Buena
366,9.0,0.48,0.32,2.8,0.084,21.0,122.0,0.9984,3.32,0.62,9.4,Buena
367,9.0,0.47,0.31,2.7,0.084,24.0,125.0,0.9984,3.31,0.61,9.4,Buena
368,7.0,0.65,0.02,2.1,0.066,8.0,25.0,0.9972,3.47,0.67,9.5,Excelente
369,10.6,1.02,0.43,2.9,0.076,26.0,88.0,0.9984,3.08,0.57,10.1,Excelente
370,7.0,0.65,0.02,2.1,0.066,8.0,25.0,0.9972,3.47,0.67,9.5,Excelente
371,7.0,0.64,0.02,2.1,0.067,9.0,23.0,0.997,3.47,0.67,9.4,Excelente
372,7.5,0.38,0.48,2.6,0.073,22.0,84.0,0.9972,3.32,0.7,9.6,Aceptable
373,9.1,,0.04,1.6,0.078,4.0,14.0,0.998,,0.54,9.7,Aceptable
374,8.4,1.035,0.15,6.0,0.073,11.0,54.0,0.999,3.37,0.49,9.9,Buena
375,,0.78,0.08,2.0,0.093,10.0,19.0,0.9956,3.4,0.47,10.0,Buena
376,7.4,0.49,0.19,3.0,0.077,16.0,37.0,0.9966,3.37,0.51,10.5,Buena
377,7.8,0.545,0.12,2.5,0.068,11.0,35.0,0.996,3.34,0.61,11.6,Excelente
378,10.6,1.025,0.43,2.8,0.08,21.0,84.0,0.9985,3.06,0.57,10.1,Buena
379,8.9,0.565,0.34,3.0,0.093,16.0,112.0,0.9998,3.38,0.61,9.5,Buena
380,9.9,0.74,0.28,2.6,0.078,21.0,77.0,0.998,3.28,0.51,9.8,Buena
381,7.6,0.46,0.11,2.6,0.079,12.0,49.0,0.9968,3.21,0.57,10.0,Buena
382,8.4,0.56,0.04,2.0,0.0819999999999999,10.0,22.0,0.9976,3.22,0.44,9.6,Buena
383,7.1,0.66,0.0,3.9,0.086,17.0,45.0,0.9976,3.46,0.54,9.5,Buena
384,8.4,0.56,0.04,2.0,0.0819999999999999,10.0,22.0,0.9976,3.22,0.44,9.6,Buena
385,8.9,0.48,0.24,2.85,0.094,35.0,106.0,0.9982,3.1,0.53,9.2,Buena
386,7.1,0.31,0.3,2.2,0.053,36.0,127.0,0.9965,2.94,1.62,9.5,Buena
387,9.0,0.66,0.17,3.0,0.077,5.0,13.0,0.9976,3.29,0.55,10.4,Buena
388,8.1,0.72,0.09,2.8,0.084,18.0,49.0,0.9994,3.43,0.72,11.1,Excelente
389,6.4,,0.02,1.8,0.067,4.0,11.0,0.997,3.46,0.68,9.5,Buena
390,6.4,0.57,0.02,1.8,0.067,4.0,11.0,0.997,3.46,0.68,9.5,Buena
391,6.4,0.865,0.03,3.2,0.071,27.0,58.0,0.995,3.61,0.49,12.7,Excelente
392,9.5,0.55,0.66,2.3,0.387,12.0,37.0,0.9982,3.17,0.67,9.6,Buena
393,8.9,0.875,0.13,3.45,0.088,4.0,14.0,0.9994,3.44,0.52,11.5,Buena
394,7.3,,0.03,2.1,0.092,10.0,19.0,0.9966,3.39,0.47,9.6,Buena
395,7.0,0.45,0.34,2.7,0.0819999999999999,16.0,72.0,0.998,3.55,0.6,9.5,Buena
396,7.7,0.56,0.2,2.0,0.075,9.0,39.0,0.9987,3.48,0.62,9.3,Buena
397,7.7,0.965,0.1,2.1,0.1119999999999999,11.0,22.0,0.9963,3.26,0.5,9.5,Buena
398,,0.59,0.0,2.5,0.093,19.0,58.0,1.0002,3.5,0.65,9.3,Excelente
399,9.0,0.69,0.0,2.4,0.088,19.0,38.0,0.999,3.35,0.6,9.3,Buena
400,9.2,0.53,0.24,2.6,0.078,28.0,139.0,0.99788,3.21,0.57,9.5,Buena
401,11.1,0.39,0.54,2.7,0.095,21.0,101.0,1.0001,3.13,0.51,9.5,Buena
402,8.2,0.34,0.38,2.5,0.08,12.0,57.0,0.9978,3.3,0.47,9.0,Excelente
403,7.3,0.51,0.18,2.1,0.07,12.0,28.0,0.99768,3.52,0.73,9.5,Excelente
404,8.3,0.65,0.1,2.9,0.089,17.0,40.0,0.99803,3.29,0.55,9.5,Buena
405,,0.54,0.13,2.5,0.0969999999999999,24.0,66.0,0.99785,3.39,0.61,9.4,Buena
406,8.3,0.65,0.1,2.9,0.089,17.0,40.0,0.99803,3.29,0.55,9.5,Buena
407,7.8,0.48,0.68,1.7,0.415,14.0,32.0,0.99656,3.09,1.06,9.1,Excelente
408,6.3,0.98,0.01,2.0,0.057,15.0,33.0,0.99488,3.6,0.46,11.2,Excelente
409,8.1,0.87,0.0,2.2,0.084,10.0,31.0,0.99656,3.25,0.5,9.8,Buena
410,8.1,0.87,0.0,2.2,0.084,10.0,31.0,0.99656,3.25,0.5,9.8,Buena
411,8.8,0.42,0.21,2.5,0.092,33.0,88.0,0.99823,3.19,0.52,9.2,Buena
412,9.3,0.655,0.26,2.0,0.096,5.0,35.0,0.99738,3.25,0.42,9.6,Buena
413,8.8,0.7,0.0,1.7,0.069,8.0,19.0,0.99701,3.31,0.53,10.0,Excelente
414,8.8,0.59,0.18,2.9,0.089,12.0,74.0,0.99738,3.14,0.54,9.4,Buena
415,7.1,0.59,0.02,2.3,0.0819999999999999,24.0,94.0,0.99744,3.55,0.53,9.7,Excelente
416,7.9,0.72,0.01,1.9,0.076,7.0,32.0,0.99668,3.39,0.54,9.6,Buena
417,,0.59,0.02,2.3,0.0819999999999999,24.0,94.0,0.99744,3.55,0.53,9.7,Excelente
418,9.5,0.57,0.27,2.3,0.0819999999999999,23.0,144.0,0.99782,3.27,,9.4,Buena
419,7.9,0.4,0.29,1.8,0.157,1.0,44.0,0.9973,3.3,0.92,9.5,Excelente
420,7.2,1.0,0.0,3.0,0.102,7.0,16.0,0.99586,3.43,0.46,10.0,Buena
421,6.9,0.635,0.17,2.4,0.241,6.0,18.0,0.9961,3.4,,10.3,Excelente
422,8.3,,0.3,3.4,0.079,7.0,34.0,0.99788,3.36,0.61,10.5,Buena
423,7.1,0.52,0.03,2.6,0.076,21.0,92.0,0.99745,3.5,0.6,9.8,Buena
424,7.0,0.57,0.0,2.0,0.19,12.0,45.0,0.99676,3.31,0.6,9.4,Excelente
425,6.5,0.46,0.14,2.4,0.114,9.0,37.0,0.99732,3.66,0.65,9.8,Buena
426,7.1,0.59,0.01,2.5,0.077,20.0,85.0,0.99746,3.55,0.59,9.8,Buena
427,9.9,0.35,0.41,2.3,0.083,11.0,61.0,0.9982,3.21,0.5,9.5,Buena
428,10.0,0.56,0.24,2.2,0.079,19.0,58.0,0.9991,3.18,0.56,10.1,Excelente
429,10.0,,0.24,2.2,0.079,19.0,58.0,0.9991,3.18,,10.1,Excelente
430,7.4,0.37,0.43,2.6,0.0819999999999999,18.0,82.0,0.99708,,0.68,9.7,Excelente
431,8.8,,0.17,2.9,0.084,25.0,130.0,0.99818,3.23,0.54,9.6,Buena
432,7.1,0.61,0.02,2.5,0.081,17.0,87.0,0.99745,3.48,0.6,9.7,Excelente
433,7.7,0.6,0.0,2.6,0.055,7.0,13.0,0.99639,3.38,0.56,10.8,Buena
434,10.1,0.27,0.54,2.3,0.065,7.0,26.0,0.99531,3.17,0.53,12.5,Excelente
435,10.8,0.89,0.3,2.6,0.132,7.0,60.0,0.99786,2.99,1.18,10.2,Buena
436,8.6,0.55,0.09,3.3,0.068,8.0,17.0,0.99735,3.23,0.44,10.0,Buena
437,7.4,0.53,0.12,1.9,0.165,4.0,12.0,0.99702,3.26,0.86,9.2,Buena
438,7.6,0.48,0.31,2.8,0.07,4.0,15.0,0.99693,3.22,0.55,10.3,Excelente
439,6.9,0.39,0.24,2.1,0.102,4.0,7.0,0.99462,3.44,0.58,11.4,Aceptable
440,,0.66,0.15,3.2,0.0969999999999999,9.0,59.0,0.99976,3.28,0.54,9.6,Buena
441,7.0,0.685,0.0,1.9,0.099,9.0,22.0,0.99606,3.34,0.6,9.7,Buena
442,6.7,0.54,0.13,2.0,0.076,15.0,36.0,0.9973,3.61,,9.8,Buena
443,7.1,0.48,0.28,2.8,0.068,6.0,16.0,0.99682,3.24,0.53,10.3,Buena
444,7.1,0.46,0.14,2.8,0.076,15.0,37.0,0.99624,3.36,0.49,10.7,Buena
445,7.5,,0.07,2.5,0.0579999999999999,5.0,9.0,0.99632,3.38,0.55,10.9,Aceptable
446,5.9,0.61,0.08,2.1,0.071,16.0,24.0,0.99376,3.56,0.77,11.1,Excelente
447,6.6,0.66,0.0,3.0,0.115,21.0,31.0,0.99629,,0.63,10.3,Buena
448,10.6,0.5,0.45,2.6,0.119,34.0,68.0,0.99708,3.23,0.72,10.9,Excelente
449,7.4,0.68,0.16,1.8,0.078,12.0,39.0,0.9977,3.5,0.7,9.9,Excelente
450,6.4,0.64,0.21,1.8,0.081,14.0,31.0,0.99689,3.59,0.66,9.8,Buena
451,9.3,0.43,0.44,1.9,0.085,9.0,22.0,0.99708,3.28,0.55,9.5,Buena
452,9.3,0.43,0.44,1.9,0.085,9.0,22.0,0.99708,3.28,0.55,9.5,Buena
453,9.3,0.36,0.39,1.5,0.08,41.0,55.0,0.99652,,0.73,10.9,Excelente
454,9.3,0.36,0.39,1.5,0.08,41.0,55.0,0.99652,3.47,0.73,10.9,Excelente
455,9.3,0.36,0.39,1.5,0.08,41.0,55.0,0.99652,3.47,0.73,10.9,Excelente
456,7.2,0.62,0.06,2.7,0.077,15.0,85.0,0.99746,3.51,0.54,9.5,Buena
457,7.5,0.42,0.32,2.7,0.067,7.0,25.0,0.99628,3.24,0.44,10.4,Buena
458,7.2,0.62,0.06,2.5,0.078,17.0,84.0,0.99746,3.51,0.53,9.7,Buena
459,6.9,0.56,0.03,1.5,0.086,36.0,46.0,0.99522,3.53,0.57,10.6,Buena
460,7.3,0.35,0.24,2.0,0.067,28.0,48.0,0.99576,3.43,0.54,10.0,Aceptable
461,7.7,0.715,0.01,2.1,0.064,31.0,43.0,0.99371,3.41,,11.8,Excelente
462,7.6,0.715,0.0,2.1,0.068,30.0,35.0,0.99533,3.48,0.65,11.4,Excelente
463,8.4,0.31,0.29,3.1,0.1939999999999999,14.0,26.0,0.99536,3.22,0.78,12.0,Excelente
464,8.8,0.61,0.19,4.0,0.094,30.0,69.0,0.99787,3.22,0.5,10.0,Excelente
465,,0.75,0.14,2.5,0.086,9.0,30.0,0.99824,3.34,0.64,10.5,Buena
466,9.0,0.8,0.12,2.4,0.083,8.0,28.0,0.99836,3.33,0.65,10.4,Excelente
467,6.8,,0.0,2.5,0.072,32.0,64.0,0.99491,3.43,0.56,11.2,Excelente
468,,,0.34,6.6,0.1119999999999999,23.0,99.0,1.00289,3.22,0.68,9.3,Buena
469,7.2,0.66,0.03,2.3,0.078,16.0,86.0,0.99743,3.53,0.57,9.7,Buena
470,10.1,0.45,0.23,1.9,0.0819999999999999,10.0,18.0,0.99774,3.22,0.65,9.3,Excelente
471,7.2,0.66,0.03,2.3,0.078,16.0,86.0,0.99743,3.53,,9.7,Buena
472,7.1,0.59,0.01,2.3,0.08,27.0,43.0,0.9955,3.42,0.58,10.7,Excelente
473,7.2,0.54,0.27,2.6,0.084,12.0,78.0,0.9964,3.39,0.71,11.0,Buena
474,9.3,,0.48,3.8,0.132,3.0,11.0,0.99577,3.23,0.57,13.2,Excelente
475,9.1,0.28,0.46,9.0,0.114,3.0,9.0,0.99901,3.18,0.6,10.9,Excelente
476,10.0,0.46,0.44,2.9,0.065,4.0,8.0,0.99674,3.33,0.62,12.2,Excelente
477,5.3,0.715,0.19,1.5,0.161,7.0,62.0,0.99395,3.62,0.61,11.0,Buena
478,8.4,0.36,0.32,2.2,0.081,32.0,79.0,0.9964,3.3,0.72,11.0,Excelente
479,,0.62,0.12,1.8,0.072,38.0,46.0,0.99504,3.38,,11.8,Excelente
480,9.6,0.41,0.37,2.3,0.091,10.0,23.0,0.99786,3.24,0.56,10.5,Buena
481,8.4,0.62,0.12,1.8,0.072,38.0,46.0,0.99504,3.38,0.89,11.8,Excelente
482,8.6,0.47,0.27,2.3,0.055,14.0,28.0,0.99516,3.18,0.8,11.2,Buena
483,9.4,0.24,0.33,2.3,0.061,52.0,73.0,0.99786,3.47,,10.2,Excelente
484,8.4,0.67,0.19,2.2,0.093,11.0,75.0,0.99736,3.2,0.59,9.2,Aceptable
485,,,0.01,2.0,0.074,13.0,38.0,0.99748,3.48,0.65,9.8,Buena
486,,0.4,0.29,1.9,0.078,29.0,66.0,0.9971,3.45,0.59,9.5,Excelente
487,,0.61,0.01,1.9,0.08,8.0,25.0,0.99746,3.69,0.73,10.5,Buena
488,8.8,0.3,0.38,2.3,0.06,19.0,72.0,0.99543,3.39,0.72,11.8,Excelente
489,6.2,0.46,0.17,1.6,0.073,7.0,11.0,0.99425,3.61,0.54,11.4,Buena
490,8.5,0.21,0.52,1.9,0.09,9.0,23.0,0.99648,3.36,0.67,10.4,Buena
491,9.0,0.36,0.52,2.1,0.111,5.0,10.0,0.99568,3.31,0.62,11.3,Excelente
492,8.5,,0.27,1.9,0.0579999999999999,18.0,38.0,0.99518,3.16,0.85,11.1,Excelente
493,7.1,0.56,0.14,1.6,0.078,7.0,18.0,0.99592,3.27,0.62,9.3,Buena
494,,0.57,0.02,2.1,0.115,6.0,16.0,0.99654,3.38,0.69,9.5,Buena
495,8.5,0.47,0.27,1.9,0.0579999999999999,18.0,38.0,0.99518,3.16,0.85,11.1,Excelente
496,8.5,0.66,0.2,2.1,0.0969999999999999,23.0,113.0,0.99733,3.13,0.48,9.2,Buena
497,10.4,0.26,0.48,1.9,0.066,6.0,10.0,0.99724,3.33,0.87,10.9,Excelente
498,,0.41,0.3,2.1,0.083,35.0,72.0,0.997,3.44,0.52,9.4,Buena
499,8.4,0.59,0.29,2.6,0.109,31.0,119.0,0.99801,3.15,0.5,9.1,Buena
500,9.1,0.5,0.3,1.9,0.065,8.0,17.0,0.99774,3.32,,10.5,Excelente
501,,0.86,0.26,1.9,0.079,13.0,28.0,0.99712,3.25,0.62,10.0,Buena
502,7.3,0.52,0.32,2.1,0.07,51.0,70.0,0.99418,3.34,0.82,12.9,Excelente
503,9.1,0.5,0.3,1.9,0.065,8.0,17.0,0.99774,3.32,0.71,10.5,Excelente
504,7.4,0.58,0.0,2.0,0.064,7.0,11.0,0.99562,3.45,0.58,11.3,Excelente
505,7.1,0.36,0.3,1.6,0.08,35.0,70.0,0.99693,3.44,0.5,9.4,Buena
506,7.7,0.39,0.12,,0.0969999999999999,19.0,27.0,0.99596,3.16,0.49,9.4,Buena
507,7.7,0.39,0.12,1.7,0.0969999999999999,19.0,27.0,0.99596,3.16,0.49,9.4,Buena
508,7.1,0.34,0.28,2.0,0.0819999999999999,31.0,68.0,0.99694,3.45,0.48,9.4,Buena
509,7.1,0.34,0.28,2.0,0.0819999999999999,31.0,68.0,0.99694,3.45,0.48,9.4,Buena
510,7.7,0.6,0.06,2.0,0.079,19.0,41.0,0.99697,3.39,0.62,10.1,Excelente
511,8.9,0.84,0.34,1.4,0.05,4.0,10.0,0.99554,3.12,0.48,9.1,Excelente
512,8.9,,0.31,,0.088,12.0,19.0,0.9957,3.17,0.55,10.4,Excelente
513,7.7,,0.15,2.1,0.102,11.0,32.0,0.99604,3.23,0.48,10.0,Buena
514,8.0,0.58,0.16,2.0,0.12,3.0,7.0,0.99454,3.22,0.58,11.2,Excelente
515,8.0,0.18,0.37,0.9,0.049,36.0,109.0,0.99007,2.89,0.44,12.7,Excelente
516,7.0,0.5,0.14,,0.078,10.0,23.0,0.99636,3.53,0.61,10.4,Buena
517,11.3,0.36,0.66,2.4,0.123,3.0,8.0,0.99642,3.2,0.53,11.9,Excelente
518,11.3,0.36,0.66,2.4,0.123,3.0,8.0,0.99642,3.2,,11.9,Excelente
519,7.0,0.51,0.09,2.1,0.062,4.0,9.0,0.99584,3.35,0.54,10.5,Buena
520,7.9,0.31,0.32,1.9,0.066,14.0,36.0,0.99364,3.41,0.56,12.6,Excelente
521,6.4,0.795,0.0,2.2,0.065,28.0,52.0,0.99378,3.49,0.52,11.6,Buena
522,8.1,,0.0,4.1,0.095,5.0,14.0,0.99854,3.36,,9.6,Buena
523,,0.745,0.18,2.5,0.077,15.0,48.0,0.99739,3.2,0.47,9.7,Excelente
524,6.9,0.49,0.19,1.7,0.079,13.0,26.0,0.99547,3.38,0.64,9.8,Excelente
525,6.4,0.39,0.33,,0.046,12.0,53.0,0.99294,3.36,,12.2,Excelente
526,6.9,0.44,0.0,1.4,0.07,32.0,38.0,0.99438,3.32,0.58,11.4,Excelente
527,9.3,0.49,0.36,1.7,0.081,3.0,14.0,0.99702,3.27,0.78,10.9,Excelente
528,9.3,0.5,0.36,1.8,0.084,6.0,17.0,0.99704,,0.77,10.8,Excelente
529,8.5,0.46,0.59,1.4,0.414,16.0,45.0,0.99702,3.03,1.34,9.2,Buena
530,5.6,0.605,0.05,2.4,0.073,19.0,25.0,0.99258,3.56,0.55,12.9,Buena
531,8.2,0.64,0.27,2.0,0.095,5.0,77.0,0.99747,3.13,0.62,9.1,Excelente
532,7.6,0.42,0.25,3.9,0.104,28.0,90.0,0.99784,3.15,0.57,9.1,Buena
533,11.6,0.23,0.57,1.8,0.074,3.0,8.0,0.9981,3.14,0.7,9.9,Excelente
534,8.0,0.38,0.44,1.9,0.098,6.0,15.0,0.9956,3.3,0.64,11.4,Excelente
535,,0.29,0.65,2.4,0.075,6.0,17.0,0.99565,3.22,,11.8,Excelente
536,8.2,0.74,0.09,2.0,0.067,5.0,10.0,0.99418,3.28,0.57,11.8,Excelente
537,7.7,0.61,0.18,2.4,0.083,6.0,20.0,0.9963,3.29,0.6,10.2,Excelente
538,8.0,0.62,0.35,2.8,0.086,28.0,52.0,0.997,3.31,0.62,10.8,Buena
539,7.5,0.77,0.2,8.1,0.098,30.0,92.0,0.99892,3.2,0.58,9.2,Buena
540,8.0,0.62,0.33,2.7,0.088,16.0,37.0,0.9972,3.31,0.58,10.7,Excelente
541,9.9,0.32,0.56,2.0,0.073,3.0,8.0,0.99534,3.15,0.73,11.4,Excelente
542,8.6,0.37,0.65,6.4,0.08,3.0,8.0,0.99817,3.27,0.58,11.0,Buena
543,8.7,0.42,0.45,2.4,0.072,32.0,59.0,0.99617,3.33,0.77,12.0,Excelente
544,6.8,0.48,0.08,1.8,0.074,40.0,64.0,0.99529,3.12,0.49,9.6,Buena
545,,0.34,0.42,2.0,0.086,8.0,19.0,0.99546,3.35,0.6,11.4,Excelente
546,7.0,0.54,0.09,2.0,0.081,10.0,16.0,0.99479,3.43,0.59,11.5,Excelente
547,6.6,0.725,0.09,5.5,0.1169999999999999,9.0,17.0,0.99655,3.35,0.49,10.8,Excelente
548,6.6,0.725,0.09,5.5,0.1169999999999999,9.0,17.0,0.99655,,0.49,10.8,Excelente
549,8.6,0.52,0.38,1.5,0.096,5.0,18.0,0.99666,3.2,,9.4,Buena
550,8.4,0.34,0.42,2.1,0.072,23.0,36.0,0.99392,3.11,,12.4,Excelente
551,7.4,0.49,0.27,2.1,0.071,14.0,25.0,0.99388,3.35,0.63,12.0,Excelente
552,8.0,0.48,0.34,2.2,0.073,16.0,25.0,0.9936,3.28,0.66,12.4,Excelente
553,6.3,0.57,0.28,,0.048,13.0,49.0,0.99374,3.41,0.6,12.8,Buena
554,10.8,0.47,0.43,2.1,0.171,27.0,66.0,0.9982,3.17,0.76,10.8,Excelente
555,,0.33,0.41,1.5,0.0559999999999999,6.0,35.0,0.99396,3.29,0.71,11.0,Excelente
556,5.0,0.4,0.5,4.3,0.046,29.0,80.0,0.9902,3.49,0.66,13.6,Excelente
557,7.0,0.69,0.07,2.5,0.091,15.0,21.0,0.99572,3.38,0.6,11.3,Excelente
558,,0.69,0.07,2.5,0.091,15.0,21.0,0.99572,3.38,0.6,11.3,Excelente
559,7.0,0.69,0.07,,0.091,15.0,21.0,0.99572,3.38,0.6,11.3,Excelente
560,7.1,0.39,0.12,2.1,0.065,14.0,24.0,0.99252,3.3,0.53,13.3,Excelente
561,5.6,0.66,0.0,2.5,0.066,7.0,15.0,0.99256,3.52,0.58,12.9,Buena
562,6.3,0.47,0.0,1.4,0.055,27.0,33.0,0.9922,3.45,0.48,12.3,Excelente
563,6.3,0.76,0.0,2.9,0.072,26.0,52.0,0.99379,3.51,0.6,11.5,Excelente
564,,0.43,0.33,2.7,0.095,28.0,89.0,0.9984,3.22,0.68,10.0,Buena
565,8.0,0.25,0.43,1.7,0.067,22.0,50.0,0.9946,3.38,0.6,11.9,Excelente
566,10.4,0.52,0.45,2.0,0.08,6.0,13.0,0.99774,3.22,,11.4,Excelente
567,7.5,0.41,0.15,3.7,0.104,29.0,94.0,0.99786,3.14,0.58,9.1,Buena
568,8.2,0.51,0.24,2.0,0.079,16.0,86.0,0.99764,3.34,,9.5,Excelente
569,7.3,0.4,0.3,1.7,0.08,33.0,79.0,0.9969,3.41,0.65,9.5,Excelente
570,8.2,0.38,0.32,2.5,0.08,24.0,71.0,0.99624,3.27,0.85,11.0,Excelente
571,6.9,0.45,0.11,2.4,0.043,6.0,12.0,0.99354,3.3,0.65,11.4,Excelente
572,7.0,0.22,0.3,1.8,0.065,16.0,20.0,0.99672,3.61,0.82,10.0,Excelente
573,7.3,0.32,0.23,2.3,0.066,35.0,70.0,0.99588,3.43,0.62,10.1,Buena
574,8.2,0.2,0.43,2.5,0.076,31.0,51.0,0.99672,3.53,0.81,10.4,Excelente
575,7.8,,0.12,1.8,0.178,6.0,21.0,0.996,3.28,0.87,9.8,Excelente
576,7.8,0.39,0.42,2.0,0.086,9.0,21.0,0.99526,3.39,0.66,11.6,Excelente
577,10.0,0.35,0.47,2.0,0.061,6.0,11.0,0.99585,3.23,0.52,12.0,Excelente
578,6.1,0.58,0.23,2.5,0.044,16.0,70.0,0.99352,3.46,0.65,12.5,Excelente
579,8.3,0.6,0.25,2.2,0.118,9.0,38.0,0.99616,3.15,0.53,9.8,Buena
580,9.6,0.42,0.35,2.1,0.083,17.0,38.0,0.99622,3.23,0.66,11.1,Excelente
581,8.3,,0.25,2.2,0.118,9.0,38.0,0.99616,3.15,0.53,9.8,Buena
582,9.0,0.785,0.24,1.7,0.078,10.0,21.0,0.99692,3.29,0.67,10.0,Buena
583,6.5,0.34,0.27,2.8,0.067,8.0,44.0,0.99384,3.21,0.56,12.0,Excelente
584,7.6,0.5,0.29,2.3,0.086,5.0,14.0,0.99502,3.32,0.62,11.5,Excelente
585,9.2,0.36,0.34,1.6,0.062,5.0,12.0,0.99667,3.2,0.67,10.5,Excelente
586,,0.36,0.31,1.7,0.079,26.0,65.0,0.99716,3.46,0.62,9.5,Excelente
587,7.6,0.36,0.31,1.7,0.079,26.0,65.0,0.99716,3.46,0.62,9.5,Excelente
588,6.5,0.88,0.03,5.6,0.079,23.0,47.0,0.99572,3.58,0.5,11.2,Aceptable
589,,0.915,0.0,2.1,0.0409999999999999,17.0,78.0,0.99346,3.68,0.73,11.4,Buena
590,8.2,0.35,0.33,2.4,0.076,11.0,47.0,0.99599,3.27,0.81,11.0,Excelente
591,,0.39,0.43,1.65,0.068,5.0,11.0,0.99478,3.19,,11.4,Buena
592,6.8,0.66,0.07,1.6,0.07,16.0,61.0,0.99572,3.29,0.6,9.3,Buena
593,6.7,0.64,0.23,2.1,0.08,11.0,119.0,0.99538,3.36,0.7,10.9,Buena
594,6.7,0.64,0.23,2.1,0.08,11.0,119.0,0.99538,3.36,0.7,10.9,Buena
595,8.8,0.955,0.05,1.8,0.075,5.0,19.0,0.99616,3.3,0.44,9.6,Aceptable
596,6.5,0.885,0.0,2.3,0.166,6.0,12.0,0.99551,3.56,0.51,10.8,Buena
597,7.0,0.745,0.12,1.8,0.114,15.0,64.0,0.99588,,0.59,9.5,Excelente
598,7.7,0.57,0.21,1.5,0.069,4.0,9.0,0.99458,3.16,0.54,9.8,Excelente
599,7.9,0.58,0.23,2.3,0.076,23.0,94.0,0.99686,3.21,0.58,9.5,Excelente
600,9.9,,0.19,5.8,0.111,33.0,76.0,0.99878,3.14,0.55,9.4,Buena
601,9.9,0.72,0.55,1.7,0.136,24.0,52.0,0.99752,3.35,0.94,10.0,Buena
602,6.8,0.65,0.02,2.1,0.078,8.0,15.0,0.99498,3.35,0.62,10.4,Excelente
603,10.2,0.33,0.46,1.9,0.081,6.0,9.0,0.99628,3.1,,10.4,Excelente
604,7.9,0.57,0.31,2.0,0.079,10.0,79.0,0.99677,3.29,0.69,9.5,Excelente
605,10.9,0.32,0.52,1.8,0.132,17.0,44.0,0.99734,3.28,0.77,11.5,Excelente
606,10.9,0.32,0.52,1.8,0.132,17.0,44.0,0.99734,3.28,0.77,11.5,Excelente
607,12.6,0.39,0.49,,0.08,8.0,20.0,0.9992,3.07,0.82,10.3,Excelente
608,7.5,,0.03,4.1,0.08,27.0,46.0,0.99592,3.02,,9.2,Buena
609,9.0,0.58,0.25,2.0,0.104,8.0,21.0,0.99769,3.27,0.72,9.6,Buena
610,7.6,0.43,0.29,2.1,0.075,19.0,66.0,0.99718,3.4,0.64,9.5,Buena
611,7.8,0.815,0.01,2.6,0.074,48.0,90.0,0.99621,3.38,,10.8,Buena
612,,0.43,0.29,2.1,0.075,19.0,66.0,0.99718,3.4,0.64,9.5,Buena
613,7.1,0.75,0.01,2.2,0.059,11.0,18.0,0.99242,3.39,0.4,12.8,Excelente
614,7.8,0.55,0.0,1.7,0.07,7.0,17.0,0.99659,3.26,0.64,9.4,Excelente
615,7.1,,0.01,2.2,0.059,11.0,18.0,0.99242,3.39,0.4,12.8,Excelente
616,8.1,0.73,0.0,2.5,0.081,12.0,24.0,0.99798,3.38,0.46,9.6,Aceptable
617,6.5,,0.0,4.3,0.057,11.0,20.0,0.99488,,0.56,11.8,Aceptable
618,7.5,0.61,0.2,1.7,0.076,36.0,60.0,0.99494,3.1,0.4,9.3,Buena
619,8.3,0.56,0.22,2.4,0.0819999999999999,10.0,86.0,0.9983,3.37,0.62,9.5,Buena
620,7.4,,0.19,1.8,0.0819999999999999,15.0,34.0,0.99655,3.49,0.68,10.5,Buena
621,7.4,0.74,0.07,1.7,0.086,15.0,48.0,0.99502,3.12,0.48,10.0,Buena
622,7.1,0.6,0.01,2.3,0.079,24.0,37.0,0.99514,3.4,0.61,10.9,Excelente
623,7.5,0.58,0.14,2.2,0.077,27.0,60.0,0.9963,3.28,0.59,9.8,Buena
624,7.1,0.72,0.0,1.8,0.123,6.0,14.0,0.99627,3.45,0.58,9.8,Buena
625,7.9,0.66,0.0,1.4,0.096,6.0,13.0,0.99569,3.43,0.58,9.5,Buena
626,7.8,0.7,0.06,1.9,0.079,20.0,35.0,0.99628,3.4,0.69,10.9,Buena
627,7.5,0.59,0.22,1.8,0.0819999999999999,43.0,60.0,0.99499,3.1,0.42,9.2,Buena
628,7.0,0.58,0.28,4.8,0.085,12.0,69.0,0.99633,3.32,0.7,11.0,Excelente
629,6.8,0.64,0.0,2.7,0.123,15.0,33.0,0.99538,3.44,,11.3,Excelente
630,8.6,0.635,0.68,1.8,0.4029999999999999,19.0,56.0,0.99632,3.02,,9.3,Buena
631,9.8,0.45,0.38,2.5,0.081,34.0,66.0,0.99726,3.15,0.58,9.8,Buena
632,8.5,0.37,0.32,1.8,0.066,26.0,51.0,0.99456,3.38,0.72,11.8,Excelente
633,7.2,0.57,0.05,2.3,0.081,16.0,36.0,0.99564,3.38,0.6,10.3,Excelente
634,7.2,,0.05,2.3,0.081,16.0,36.0,0.99564,3.38,0.6,10.3,Excelente
635,10.4,0.43,0.5,2.3,0.068,13.0,19.0,0.996,3.1,0.87,11.4,Excelente
636,6.9,0.41,0.31,,0.079,21.0,51.0,0.99668,3.47,0.55,9.5,Excelente
637,5.0,0.38,0.01,1.6,0.048,26.0,60.0,0.99084,3.7,0.75,14.0,Excelente
638,7.3,0.44,0.2,1.6,0.049,24.0,64.0,0.9935,3.38,0.57,11.7,Excelente
639,5.9,0.46,0.0,1.9,0.077,25.0,44.0,0.99385,3.5,0.53,11.2,Buena
640,7.5,0.58,0.2,2.0,0.073,34.0,44.0,0.99494,3.1,0.43,9.3,Buena
641,7.8,0.58,0.13,2.1,0.102,17.0,36.0,0.9944,3.24,0.53,11.2,Excelente
642,8.0,0.715,0.22,2.3,0.075,13.0,81.0,0.99688,3.24,0.54,9.5,Excelente
643,8.5,0.4,0.4,6.3,0.05,3.0,10.0,0.99566,3.28,0.56,12.0,Aceptable
644,7.0,0.69,0.0,,0.114,3.0,10.0,0.99636,3.35,0.6,9.7,Excelente
645,8.0,0.715,0.22,2.3,0.075,13.0,81.0,0.99688,3.24,0.54,9.5,Excelente
646,7.1,,0.2,1.9,0.077,28.0,54.0,0.9956,3.37,0.64,10.4,Excelente
647,7.1,0.46,0.2,1.9,0.077,28.0,54.0,0.9956,3.37,0.64,10.4,Excelente
648,7.9,0.765,0.0,2.0,0.084,9.0,22.0,0.99619,3.33,0.68,10.9,Excelente
649,8.7,0.63,0.28,2.7,0.096,17.0,69.0,0.99734,3.26,,10.2,Excelente
650,7.0,0.42,0.19,2.3,0.071,18.0,36.0,0.99476,3.39,0.56,10.9,Buena
651,11.3,0.37,0.5,1.8,0.09,20.0,47.0,0.99734,3.15,0.57,10.5,Buena
652,7.0,0.6,0.3,4.5,0.068,20.0,110.0,0.99914,3.3,1.17,10.2,Buena
653,7.0,0.6,0.3,4.5,0.068,20.0,110.0,0.99914,3.3,1.17,10.2,Buena
654,7.6,0.74,0.0,1.9,0.1,6.0,12.0,0.99521,3.36,0.59,11.0,Buena
655,8.2,0.635,0.1,2.1,0.073,25.0,60.0,0.99638,3.29,0.75,10.9,Excelente
656,5.9,0.395,0.13,,0.0559999999999999,14.0,28.0,0.99362,3.62,0.67,12.4,Excelente
657,,0.63,0.0,4.3,0.093,51.0,77.5,0.99558,3.2,0.45,9.5,Buena
658,7.2,0.53,0.14,2.1,0.064,15.0,29.0,0.99323,3.35,0.61,12.1,Excelente
659,5.7,0.6,0.0,1.4,0.063,11.0,18.0,0.99191,3.45,0.56,12.2,Excelente
660,5.2,0.645,0.0,2.15,0.08,15.0,28.0,0.99444,3.78,0.61,12.5,Excelente
661,6.7,0.86,0.07,2.0,0.1,20.0,57.0,0.99598,3.6,0.74,11.7,Excelente
662,9.1,0.37,0.32,2.1,0.064,4.0,15.0,0.99576,3.3,0.8,11.2,Excelente
663,7.6,0.79,0.21,2.3,0.087,21.0,68.0,0.9955,3.12,0.44,9.2,Buena
664,7.5,0.61,0.26,1.9,0.073,24.0,88.0,0.99612,3.3,0.53,9.8,Buena
665,9.7,0.69,0.32,2.5,0.088,22.0,91.0,0.9979,3.29,0.62,10.1,Buena
666,6.5,0.51,0.15,3.0,0.064,12.0,27.0,0.9929,3.33,0.59,12.8,Excelente
667,8.0,1.18,0.21,1.9,0.083,14.0,41.0,0.99532,3.34,0.47,10.5,Buena
668,5.4,0.74,0.0,1.2,0.0409999999999999,16.0,46.0,0.99258,4.01,0.59,12.5,Excelente
669,9.1,0.76,0.68,1.7,0.414,18.0,64.0,0.99652,2.9,1.33,9.1,Excelente
670,5.0,0.74,0.0,1.2,0.0409999999999999,16.0,46.0,0.99258,4.01,,12.5,Excelente
671,9.1,0.34,0.42,1.8,0.0579999999999999,9.0,18.0,0.99392,3.18,0.55,11.4,Buena
672,6.7,0.46,0.24,1.7,0.077,18.0,34.0,0.9948,3.39,0.6,10.6,Excelente
673,6.7,,0.24,1.7,0.077,18.0,34.0,0.9948,3.39,0.6,10.6,Excelente
674,6.7,0.46,0.24,1.7,0.077,18.0,34.0,0.9948,3.39,,10.6,Excelente
675,6.5,0.52,0.11,1.8,0.073,13.0,38.0,0.9955,3.34,0.52,9.3,Buena
676,7.4,0.6,0.26,2.1,0.083,17.0,91.0,0.99616,3.29,0.56,9.8,Excelente
677,7.4,0.6,0.26,2.1,0.083,17.0,91.0,0.99616,3.29,0.56,9.8,Excelente
678,8.4,0.39,0.1,1.7,0.075,6.0,25.0,0.99581,3.09,0.43,9.7,Excelente
679,9.1,0.775,0.22,2.2,0.079,12.0,48.0,0.9976,3.18,,9.6,Buena
680,7.2,0.835,0.0,2.0,0.166,4.0,11.0,0.99608,3.39,0.52,10.0,Buena
681,6.0,0.5,0.0,1.4,0.057,15.0,26.0,0.99448,3.36,0.45,9.5,Buena
682,6.0,0.5,0.0,1.4,0.057,15.0,26.0,0.99448,3.36,0.45,9.5,Buena
683,6.0,0.5,0.0,1.4,0.057,15.0,26.0,0.99448,3.36,0.45,9.5,Buena
684,7.5,0.51,0.02,1.7,0.084,13.0,31.0,0.99538,3.36,0.54,10.5,Excelente
685,7.5,0.51,0.02,1.7,0.084,13.0,31.0,0.99538,3.36,0.54,10.5,Excelente
686,,,0.02,1.7,0.084,13.0,31.0,0.99538,3.36,0.54,10.5,Excelente
687,7.5,0.51,0.02,1.7,0.084,13.0,31.0,0.99538,3.36,0.54,10.5,Excelente
688,,0.42,0.48,2.6,0.077,8.0,20.0,0.99852,3.09,,11.0,Buena
689,7.2,0.655,0.03,1.8,0.078,7.0,12.0,0.99587,3.34,0.39,9.5,Buena
690,7.2,0.62,0.01,2.3,0.065,8.0,46.0,0.99332,3.32,,11.8,Excelente
691,7.6,0.645,0.03,1.9,0.086,14.0,57.0,0.9969,3.37,0.46,10.3,Buena
692,6.1,0.32,0.25,1.8,0.086,5.0,32.0,0.99464,3.36,0.44,10.1,Buena
693,7.3,0.43,0.24,2.5,0.078,27.0,67.0,0.99648,3.6,0.59,11.1,Excelente
694,7.4,0.64,0.17,5.4,0.168,52.0,98.0,0.99736,3.28,0.5,9.5,Buena
695,11.6,0.475,0.4,1.4,0.091,6.0,28.0,0.99704,3.07,0.65,10.0333333333333,Excelente
696,7.3,0.74,0.08,1.7,0.094,10.0,45.0,0.99576,3.24,0.5,9.8,Buena
697,,0.54,0.3,2.2,0.088,9.0,105.0,0.99725,3.25,1.18,10.5,Excelente
698,8.0,0.77,0.32,2.1,0.079,16.0,74.0,0.99656,3.27,0.5,9.8,Excelente
699,7.5,0.58,0.56,3.1,0.153,5.0,14.0,0.99476,3.21,1.03,11.6,Excelente
700,8.7,0.78,0.51,1.7,0.415,12.0,66.0,0.99623,3.0,1.17,9.2,Buena
701,8.2,0.885,0.2,1.4,0.086,7.0,31.0,0.9946,3.11,,10.0,Buena
702,7.2,0.45,0.15,2.0,0.078,10.0,28.0,0.99609,3.29,0.51,9.9,Excelente
703,7.5,0.57,0.02,2.6,0.077,11.0,35.0,0.99557,3.36,0.62,10.8,Excelente
704,7.5,0.57,0.02,2.6,0.077,11.0,35.0,0.99557,3.36,0.62,10.8,Excelente
705,8.0,0.6,0.22,2.1,0.08,25.0,105.0,0.99613,3.3,0.49,9.9,Buena
706,8.0,0.6,0.22,2.1,0.08,25.0,105.0,0.99613,3.3,0.49,9.9,Buena
707,7.1,0.755,0.15,1.8,0.107,20.0,84.0,0.99593,3.19,,9.5,Buena
708,8.0,0.81,0.25,3.4,0.076,34.0,85.0,0.99668,3.19,0.42,9.2,Buena
709,7.4,0.64,0.07,1.8,0.1,8.0,23.0,0.9961,3.3,0.58,9.6,Buena
710,6.6,0.64,0.31,6.1,0.083,7.0,49.0,0.99718,3.35,0.68,10.3,Buena
711,6.0,0.49,0.0,2.3,0.068,15.0,33.0,0.99292,3.58,0.59,12.5,Excelente
712,8.0,0.64,0.22,2.4,0.094,5.0,33.0,0.99612,3.37,0.58,11.0,Buena
713,7.1,0.62,0.06,1.3,0.07,5.0,12.0,0.9942,3.17,,9.8,Buena
714,8.0,0.52,0.25,2.0,0.078,19.0,59.0,0.99612,3.3,0.48,10.2,Buena
715,8.6,0.685,0.1,1.6,0.092,3.0,12.0,0.99745,,0.65,9.55,Excelente
716,8.7,0.675,0.1,1.6,0.09,4.0,11.0,0.99745,3.31,0.65,9.55,Buena
717,,0.59,0.26,2.0,0.08,17.0,104.0,0.99584,3.28,0.52,9.9,Buena
718,,0.67,0.0,2.2,0.068,10.0,24.0,0.9956,3.42,0.72,11.1,Excelente
719,,0.69,0.21,2.1,0.08,33.0,141.0,0.9962,3.25,0.51,9.9,Buena
720,7.6,0.3,0.42,2.0,0.052,6.0,24.0,0.9963,3.44,0.82,11.9,Excelente
721,8.0,0.5,0.39,2.6,0.0819999999999999,12.0,46.0,0.9985,3.43,0.62,10.7,Excelente
722,8.2,0.24,0.34,5.1,0.062,8.0,22.0,0.9974,3.22,0.94,10.9,Excelente
723,,0.51,0.0,2.1,0.064,40.0,54.0,0.995,3.54,0.93,10.7,Excelente
724,6.0,0.51,0.0,2.1,0.064,40.0,54.0,0.995,3.54,0.93,10.7,Excelente
725,6.6,,0.0,1.8,0.0819999999999999,5.0,16.0,0.9936,3.5,0.44,11.9,Excelente
726,6.4,0.47,0.4,2.4,0.071,8.0,19.0,0.9963,3.56,,10.6,Excelente
727,9.9,0.57,0.25,2.0,0.104,12.0,89.0,0.9963,3.04,0.9,10.1,Buena
728,,0.32,0.59,2.2,0.077,3.0,15.0,0.9994,,0.78,9.6,Buena
729,6.2,0.58,0.0,1.6,0.065,8.0,18.0,0.9966,3.56,0.84,9.4,Buena
730,10.0,,0.59,2.2,0.077,3.0,15.0,0.9994,3.2,0.78,9.6,Buena
731,7.8,0.53,0.01,1.6,0.077,3.0,19.0,0.995,3.16,0.46,9.8,Buena
732,7.7,0.64,0.21,,0.077,32.0,133.0,0.9956,3.27,0.45,9.9,Buena
733,7.8,0.53,0.01,1.6,0.077,3.0,19.0,0.995,3.16,0.46,9.8,Buena
734,7.5,0.4,0.18,1.6,0.079,24.0,58.0,0.9965,3.34,0.58,9.4,Buena
735,6.4,0.53,0.09,3.9,0.123,14.0,31.0,0.9968,3.5,0.67,11.0,Aceptable
736,7.6,0.41,0.33,2.5,0.078,6.0,23.0,0.9957,3.3,0.58,11.2,Buena
737,7.4,,0.24,1.8,0.066,18.0,47.0,0.9956,3.37,0.62,10.4,Buena
738,10.2,0.54,0.37,15.4,0.214,55.0,95.0,1.00369,3.18,0.77,9.0,Excelente
739,10.0,0.38,0.38,1.6,0.1689999999999999,27.0,90.0,0.99914,3.15,0.65,8.5,Buena
740,6.8,0.915,0.29,4.8,0.07,15.0,39.0,0.99577,3.53,0.54,11.1,Buena
741,7.0,0.59,0.0,1.7,0.052,3.0,8.0,0.996,3.41,0.47,10.3,Buena
742,7.3,,0.02,2.2,0.072,31.0,92.0,0.99566,3.32,,11.066666666666698,Excelente
743,6.9,0.58,0.2,1.75,0.0579999999999999,8.0,22.0,0.99322,3.38,0.49,11.7,Buena
744,7.4,0.785,0.19,5.2,0.094,19.0,98.0,0.99713,,0.52,9.6,Excelente
745,6.8,0.67,0.0,1.9,0.08,22.0,39.0,0.99701,3.4,0.74,9.7,Buena
746,6.5,0.9,0.0,1.6,0.052,9.0,17.0,0.99467,3.5,0.63,10.9,Excelente
747,7.6,0.49,0.33,1.9,0.074,27.0,85.0,0.99706,3.41,0.58,9.0,Buena
748,8.4,0.29,0.4,1.7,0.067,8.0,20.0,0.99603,3.39,0.6,10.5,Buena
749,6.4,0.42,0.09,2.3,0.054,34.0,64.0,0.99724,3.41,0.68,10.4,Excelente
750,6.2,0.785,0.0,2.1,0.06,6.0,13.0,0.99664,3.59,0.61,10.0,Aceptable
751,6.9,0.63,0.01,2.4,0.076,14.0,39.0,0.99522,3.34,0.53,10.8,Excelente
752,6.8,0.59,0.1,1.7,0.063,34.0,53.0,0.9958,3.41,0.67,9.7,Buena
753,,1.04,0.08,2.3,0.067,19.0,32.0,0.99648,3.52,0.57,11.0,Aceptable
754,10.0,0.69,0.11,1.4,0.084,8.0,24.0,0.99578,2.88,0.47,9.7,Buena
755,6.7,,0.08,3.75,0.067,8.0,16.0,0.99334,3.43,,12.6,Buena
756,7.6,0.35,0.6,2.6,0.073,23.0,44.0,0.99656,3.38,0.79,11.1,Excelente
757,9.9,0.5,0.5,13.8,0.205,48.0,82.0,1.00242,3.16,,8.8,Buena
758,9.9,0.5,0.5,13.8,0.205,48.0,82.0,1.00242,3.16,0.75,8.8,Buena
759,8.2,0.28,0.6,3.0,0.104,10.0,22.0,0.99828,3.39,0.68,10.6,Buena
760,5.6,0.62,0.03,1.5,0.08,6.0,13.0,0.99498,3.66,0.62,10.1,Aceptable
761,8.2,0.28,0.6,3.0,0.104,10.0,22.0,0.99828,3.39,0.68,10.6,Buena
762,7.0,0.655,0.16,2.1,0.074,8.0,25.0,0.99606,3.37,0.55,9.7,Buena
763,6.8,0.68,0.21,2.1,0.07,9.0,23.0,0.99546,3.38,,10.3,Buena
764,6.0,0.64,0.05,1.9,0.066,9.0,17.0,0.99496,3.52,0.78,10.6,Buena
765,5.6,0.54,0.04,1.7,0.049,5.0,13.0,0.9942,3.72,0.58,11.4,Buena
766,6.2,0.65,0.06,1.6,0.05,6.0,18.0,0.99348,3.57,,11.95,Buena
767,7.7,0.54,0.26,1.9,0.089,23.0,147.0,0.99636,3.26,0.59,9.7,Buena
768,7.0,,0.02,1.9,0.08,15.0,28.0,0.99492,3.35,0.81,10.6,Excelente
769,,0.74,0.03,2.3,0.054,7.0,16.0,0.99508,3.45,0.63,11.5,Excelente
770,6.9,0.74,0.03,,0.054,7.0,16.0,0.99508,3.45,0.63,11.5,Excelente
771,7.8,0.82,0.29,4.3,0.083,21.0,64.0,0.99642,3.16,0.53,9.4,Buena
772,6.2,,0.39,2.5,0.077,6.0,14.0,0.99555,3.51,0.69,11.0,Excelente
773,7.5,0.38,0.57,2.3,0.106,5.0,12.0,0.99605,3.36,0.55,11.4,Excelente
774,6.8,0.81,0.05,2.0,0.07,6.0,14.0,0.99562,3.51,0.66,10.8,Excelente
775,7.5,0.38,0.57,2.3,0.106,5.0,12.0,0.99605,3.36,0.55,11.4,Excelente
776,7.1,0.27,0.6,2.1,0.074,17.0,25.0,0.99814,3.38,,10.6,Excelente
777,7.9,0.18,0.4,1.8,0.062,7.0,20.0,0.9941,3.28,0.7,11.1,Buena
778,6.4,0.36,0.21,2.2,0.047,26.0,48.0,0.99661,3.47,0.77,9.7,Excelente
779,,0.69,0.04,2.1,0.068,19.0,27.0,0.99712,,0.67,9.8,Buena
780,6.9,0.84,0.21,4.1,0.074,16.0,65.0,0.99842,3.53,0.72,9.23333333333333,Excelente
781,6.5,0.53,0.06,2.0,0.063,29.0,44.0,0.99489,3.38,0.83,10.3,Excelente
782,7.4,,0.46,2.2,0.114,7.0,20.0,0.99647,3.32,0.63,10.5,Buena
783,6.6,0.7,0.08,2.6,0.106,14.0,27.0,0.99665,,0.58,10.2,Buena
784,6.1,0.32,0.25,2.3,0.071,23.0,58.0,0.99633,3.42,0.97,10.6,Buena
785,6.8,0.48,0.25,2.0,0.076,29.0,61.0,0.9953,3.34,0.6,10.4,Buena
786,6.7,0.48,0.08,2.1,0.064,18.0,34.0,0.99552,3.33,0.64,9.7,Buena
787,6.8,0.47,0.08,2.2,0.064,18.0,38.0,0.99553,3.3,0.65,9.6,Excelente
788,7.9,0.29,0.49,2.2,0.096,21.0,59.0,0.99714,3.31,0.67,10.1,Excelente
789,7.1,0.69,0.08,2.1,0.063,42.0,52.0,0.99608,3.42,0.6,10.2,Excelente
790,6.6,0.44,0.09,2.2,0.063,9.0,18.0,0.99444,3.42,0.69,11.3,Excelente
791,6.1,0.705,0.1,2.8,0.081,13.0,28.0,0.99631,3.6,0.66,10.2,Buena
792,7.2,0.53,0.13,2.0,0.0579999999999999,18.0,22.0,0.99573,3.21,0.68,9.9,Excelente
793,,0.39,0.3,1.9,0.074,32.0,84.0,0.99717,3.39,,9.0,Buena
794,7.0,0.55,0.13,2.2,0.075,15.0,35.0,0.9959,3.36,0.59,9.7,Excelente
795,6.2,0.64,0.09,2.5,0.081,15.0,26.0,0.99538,3.57,,12.0,Buena
796,,0.52,0.08,4.4,0.071,11.0,32.0,0.99646,,0.63,11.6,Excelente
797,6.5,0.63,0.33,1.8,0.059,16.0,28.0,0.99531,3.36,0.64,10.1,Excelente
798,7.0,0.57,0.02,2.0,0.072,17.0,26.0,0.99575,3.36,0.61,10.2,Buena
799,7.1,0.67,0.0,2.3,0.083,18.0,27.0,0.99768,3.44,,9.4,Buena
800,6.3,0.68,0.01,3.7,0.103,32.0,54.0,0.99586,3.51,0.66,11.3,Excelente
801,7.3,0.735,0.0,,0.08,18.0,28.0,0.99765,3.41,0.6,9.4,Buena
802,6.6,0.88,0.04,2.2,0.066,12.0,20.0,0.99636,3.53,0.56,9.9,Buena
803,6.6,0.855,0.02,2.4,0.062,15.0,23.0,0.99627,3.54,0.6,11.0,Excelente
804,6.9,0.63,0.33,6.7,0.235,66.0,115.0,0.99787,3.22,,9.5,Buena
805,7.8,0.6,0.26,2.0,0.08,31.0,131.0,0.99622,3.21,0.52,9.9,Buena
806,7.8,0.6,0.26,2.0,0.08,31.0,131.0,0.99622,3.21,0.52,9.9,Buena
807,7.8,0.6,0.26,2.0,0.08,31.0,131.0,0.99622,3.21,,9.9,Buena
808,7.2,0.695,0.13,,0.076,12.0,20.0,0.99546,3.29,0.54,10.1,Buena
809,7.2,0.695,0.13,2.0,0.076,12.0,20.0,0.99546,3.29,0.54,10.1,Buena
810,6.7,0.67,0.02,1.9,0.061,26.0,42.0,0.99489,3.39,0.82,10.9,Excelente
811,,0.16,0.64,2.1,0.059,24.0,52.0,0.99494,3.34,0.71,11.2,Excelente
812,7.2,0.695,0.13,2.0,0.076,12.0,20.0,0.99546,3.29,,10.1,Buena
813,7.0,0.56,0.13,1.6,0.077,25.0,42.0,0.99629,3.34,0.59,9.2,Buena
814,,0.51,0.14,1.9,0.0559999999999999,15.0,34.0,0.99396,3.48,0.57,11.5,Excelente
815,6.4,0.36,0.53,2.2,0.23,19.0,35.0,0.9934,3.37,0.93,12.4,Excelente
816,6.4,0.38,0.14,2.2,0.038,15.0,25.0,0.99514,3.44,0.65,11.1,Excelente
817,7.3,0.69,0.32,2.2,0.069,35.0,104.0,0.99632,3.33,0.51,9.5,Buena
818,6.0,0.58,0.2,2.4,0.075,15.0,50.0,0.99467,3.58,0.67,12.5,Excelente
819,7.5,0.52,0.4,2.2,0.06,12.0,20.0,0.99474,3.26,0.64,11.8,Excelente
820,8.0,0.3,0.63,1.6,0.081,16.0,29.0,0.99588,3.3,0.78,10.8,Excelente
821,6.2,0.7,0.15,5.1,0.076,13.0,27.0,0.99622,3.54,0.6,11.9,Excelente
822,6.8,0.67,0.15,1.8,0.118,13.0,20.0,0.9954,3.42,,11.3,Excelente
823,7.4,0.35,0.33,2.4,0.068,9.0,26.0,0.9947,3.36,0.6,11.9,Excelente
824,6.1,0.715,0.1,2.6,0.053,13.0,27.0,0.99362,3.57,0.5,11.9,Buena
825,6.2,0.46,0.29,2.1,0.074,32.0,98.0,0.99578,3.33,0.62,9.8,Buena
826,7.5,0.31,0.41,2.4,0.065,34.0,60.0,0.99492,3.34,0.85,11.4,Excelente
827,5.8,0.61,0.11,1.8,0.066,18.0,28.0,0.99483,3.55,0.66,10.9,Excelente
828,5.4,0.74,0.09,1.7,0.089,16.0,26.0,0.99402,3.67,,11.6,Excelente
829,6.8,0.62,0.08,1.9,0.068,28.0,38.0,0.99651,3.42,0.82,9.5,Excelente
830,6.2,0.6,0.08,2.0,0.09,32.0,44.0,0.9949,3.45,0.58,10.5,Buena
831,5.9,0.55,0.1,2.2,0.062,39.0,51.0,0.99512,3.52,0.76,11.2,Excelente
832,5.9,0.645,0.12,2.0,0.075,32.0,44.0,0.99547,3.57,0.71,10.2,Buena
